spheroid_id,frame,total_area,equivalent_diameter,solidity,perimeter,circularity
VID1797_A1,0.0,241215,554.188124000589,0.7142730236566017,4570.444876303172,0.1451099606576983
VID1797_A1,1.0,289449,607.0732352723584,0.7557730871263552,4758.515944115037,0.1606345125972373
VID1797_A1,2.0,336717,654.7682030952556,0.8122293811013631,5472.439825669288,0.1412904856086481
VID1797_A1,3.0,313053,631.3410007262137,0.7819639208476752,5495.623591853362,0.1302548117548973
VID1797_A1,4.0,294999,612.8657213919932,0.7696556366378197,4447.290547370621,0.1874301276647167
VID1797_A1,5.0,327600,645.843072932767,0.808021014465944,5064.297690045558,0.1605148820961491
VID1797_A1,6.0,336882,654.9286100862224,0.8010262433927854,5851.896715812531,0.1236216016517941
VID1797_A1,7.0,341313,659.2216688885405,0.8186829133735504,5278.824601980139,0.1539175812503544
VID1797_A1,8.0,339870,657.8266671921562,0.7986586801581949,5583.209378290989,0.137010820110192
VID1797_A1,9.0,362151,679.0471076187454,0.8355023497357268,4948.427632360469,0.1858510872198078
VID1797_A1,10.0,361329,678.2760289584261,0.806125886544601,5093.113923861484,0.1750434650635263
VID1797_A1,11.0,367344,683.8983165070621,0.8033679238061913,5581.043902070145,0.1482012740220008
VID1797_A1,12.0,369825,686.2039162170976,0.8286113743757267,5230.155554421826,0.169893560633752
VID1797_A1,13.0,369285,685.7027528583537,0.8333765873275576,5711.765727477093,0.142242952741734
VID1797_A1,14.0,377268,693.0746976792223,0.8370080801537049,5390.138310479124,0.163177402337065
VID1797_A1,15.0,376629,692.4874991608582,0.8611438200654382,5031.386001800126,0.1869598482465858
VID1797_A1,16.0,381537,696.9849325341401,0.8402603122866519,5244.5697679842,0.1743118010730578
VID1797_A1,17.0,377898,693.6531391670685,0.823034637767014,5845.907863100823,0.1389570306219473
VID1797_A1,18.0,376074,691.9770867208911,0.8044122742848343,5802.978930912689,0.1403399074772741
VID1797_A1,19.0,387006,701.9624941902355,0.8478049421661409,5587.552524041496,0.1557701811720749
VID1797_A1,20.0,379236,694.8800414367822,0.8671244246585679,5147.469262920811,0.1798588851933344
VID1797_A1,21.0,386190,701.2220616760945,0.8280568891099767,5896.13325984524,0.1395970712565211
VID1797_A1,22.0,370791,687.0995299313599,0.8385901031300886,5485.540330732676,0.1548460828274371
VID1797_A1,23.0,376368,692.2475142410291,0.8383761207328618,5302.0844866099615,0.1682400031189123
VID1797_A1,24.0,383757,699.0097195096301,0.8258131017297107,5612.167747730647,0.1531104691363037
VID1797_A1,25.0,379170,694.8195723907262,0.8372361073389816,5610.380951166242,0.1513767336317337
VID1797_A1,26.0,374910,690.905375371085,0.8510759046838572,5518.581961293019,0.1546970010338352
VID1797_A1,27.0,386001,701.0504528971632,0.8322412889788685,5756.49364953845,0.1463801655604635
VID1797_A1,28.0,393948,708.2303101176395,0.8424190454602802,5585.380951166242,0.1586876632276
VID1797_A1,29.0,398115,711.9661237392122,0.8489877998588272,5482.238815542512,0.1664571691887585
VID1797_A1,30.0,384318,699.520460997052,0.8514647920400743,5216.120020515894,0.1775028939977063
VID1797_A1,31.0,385944,700.9986896230746,0.8683631454606817,5161.398195108946,0.1820536650497276
VID1797_A1,32.0,383070,698.3837572579267,0.8684760011154363,5287.824601980139,0.1721606618245248
VID1797_A1,33.0,378897,694.5693945039034,0.8607461221819371,5341.238815542512,0.166896426483206
VID1797_A1,34.0,384336,699.5368422501659,0.8522486124261864,5303.481456229631,0.1717112780008306
VID1797_A1,35.0,388992,703.7613210354917,0.86952206597327,4973.829652614022,0.1975917098756597
VID1797_A1,36.0,382857,698.1895676524178,0.8708103608275561,5178.398195108946,0.1794136868128093
VID1797_A1,37.0,390672,705.2794052152491,0.8844135557919997,4838.56367132979,0.2096955571722118
VID1797_A1,38.0,380025,695.6025143628941,0.8618969103028461,4978.587011926903,0.1926681059943427
VID1797_A1,39.0,384663,699.8343682589916,0.8606899607092033,4908.143361113007,0.2006576859136005
VID1797_A1,40.0,379812,695.407548107548,0.8595695951007439,4879.55757467538,0.20045535041878
VID1797_A1,41.0,381525,696.9739717558202,0.8562704515156003,4915.528137423857,0.1984232196007943
VID1797_A1,42.0,384048,699.2746961505541,0.8519689336412462,4995.94235098623,0.1933572831224437
VID1797_A1,43.0,381648,697.0863115634143,0.8662930453316627,4925.178895018939,0.1977100906614435
VID1797_A1,44.0,370395,686.7325252033579,0.8553505160114818,5203.912913734707,0.1718758817658484
VID1797_A1,45.0,371127,687.4107742237728,0.8607021018527752,5081.5697679842,0.1806078529243271
VID1797_A1,46.0,375537,691.4828695717695,0.8642312551635895,5250.238815542512,0.1712002835776961
VID1797_A1,47.0,360240,677.25313849062,0.8360467410097822,5217.327127297081,0.1663051361570328
VID1797_A1,48.0,365865,682.5201726209492,0.8416436049440652,5308.854039231661,0.1631282432031001
VID1797_A1,49.0,383997,699.2282642025194,0.8396533778819578,5442.067242667258,0.1629333129315423
VID1797_A1,50.0,367059,683.6329673523243,0.8383845305230267,5274.126117170304,0.1658229816468513
VID1797_A1,51.0,368262,684.7523210791334,0.8582635325045795,5138.356564548603,0.1752743219694582
VID1797_A1,52.0,363837,680.6259297424742,0.8438952544417127,5411.197184982169,0.1561456917845985
VID1797_A1,53.0,372513,688.6931700895034,0.8425989595114227,5489.238815542512,0.1553556477555266
VID1797_A1,54.0,371019,687.310746786412,0.8618607806061056,5271.611398544542,0.1677719057673218
VID1797_A1,55.0,368562,685.0311767260531,0.860625477234039,4729.444876303172,0.2070618472203076
VID1797_A1,56.0,363963,680.7437729575233,0.8571337735618,5286.126117170304,0.163678659410392
VID1797_A1,57.0,358701,675.8049259483447,0.8514429627379025,4670.403245742829,0.2066491829561292
VID1797_A1,58.0,366408,683.0264673549053,0.8596303951538925,5219.854039231661,0.1689888665331394
VID1797_A1,59.0,360798,677.7774570324372,0.8589671862240708,5029.847942577251,0.179210839107679
VID1797_A1,60.0,357915,675.0640944783582,0.8803714180297626,4901.2854967367375,0.1872275535624735
VID1797_A1,61.0,352791,670.2144822567345,0.8676376192478806,4675.658079738768,0.2027878225801568
VID1797_A1,62.0,359193,676.2682395263415,0.8620459590808184,5300.309883354377,0.1606701524098787
VID1797_A1,63.0,352629,670.0605848879754,0.8634148849690998,4815.55757467538,0.1910885787433975
VID1797_A1,64.0,345282,663.0435102504559,0.8545040128887602,5004.5697679842,0.1732408502322892
VID1797_A1,65.0,354621,671.9505045712282,0.8565476363003971,4980.581961293019,0.1796445852764196
VID1797_A1,66.0,344073,661.881673621246,0.8481619251162894,4714.3088373338505,0.1945469372477711
VID1797_A1,67.0,362685,679.5475585139516,0.8495067176344933,5237.3393206059,0.1661567672346734
VID1797_A1,68.0,357510,674.6820507752285,0.8665354578814952,4575.0895372438445,0.214634169509429
VID1797_A1,69.0,363246,680.0729164338695,0.8663607439455445,4713.143361113007,0.2054893907829576
VID1797_A1,70.0,359028,676.1128953563717,0.8562556642022419,4812.415439051649,0.1948103205689364
VID1797_A1,71.0,367776,684.3003337749582,0.8708632480251568,4531.894623771477,0.2250264884128945
VID1797_A1,72.0,376164,692.0598818785537,0.8783214562571799,4921.954544295049,0.1951245420831152
VID1797_A2,0.0,264816,580.6670330564556,0.961980805138004,2367.080302527855,0.593920208087259
VID1797_A2,1.0,268524,584.7182017950739,0.95897318686342,2415.607214462436,0.5782828809043544
VID1797_A2,2.0,263337,579.0432470825677,0.9626719990641496,2356.1513703397204,0.5960948522799213
VID1797_A2,3.0,248538,562.5374742800589,0.9421134229688904,2402.666088965482,0.5410231212550883
VID1797_A2,4.0,247836,561.7424639538867,0.9362866026195594,2539.3940110268395,0.4829632363809577
VID1797_A2,5.0,259218,574.4968305457911,0.9577503297580297,2393.737156777347,0.5684890411624804
VID1797_A2,6.0,266319,582.3125297589979,0.955291391512395,2512.4650788387053,0.5301660910060269
VID1797_A2,7.0,258186,573.3520952233389,0.946457374116543,2482.743253431757,0.5263552176491347
VID1797_A2,8.0,260589,576.0140794485768,0.9460551537858324,2482.891485709898,0.5311907024730935
VID1797_A2,9.0,261321,576.8225299602448,0.921497409929368,2660.0336213336286,0.4640982423580383
VID1797_A2,10.0,267327,583.4134963946385,0.9198316736974668,2599.063058585152,0.4973006829901689
VID1797_A2,11.0,263091,578.7727231512545,0.9368803771864852,2632.134126397017,0.4771993283878266
VID1797_A2,12.0,256896,571.9179539796634,0.9300379044315964,2719.5605332682103,0.4364854247303605
VID1797_A2,13.0,252459,566.9574783211651,0.9337330236411516,2788.3889603929565,0.4080318011067651
VID1797_A2,14.0,254364,569.0925263584252,0.9277195439525572,2880.9453095790604,0.3851194760002928
VID1797_A2,15.0,268839,585.0610617423248,0.944909371452271,2502.16356364854,0.5395985128149232
VID1797_A2,16.0,268650,584.8553698933622,0.94684086799914,2526.8204178980327,0.5287470457193463
VID1797_A2,17.0,272055,588.5500695292837,0.9604766107678728,2403.2935059634515,0.5919062833297941
VID1797_A2,18.0,269646,585.9385209044185,0.9459537207246396,2471.8498551495554,0.5545742129924616
VID1797_A2,19.0,272514,589.0463490201413,0.9543043041290364,2477.5361466505706,0.5579029830307226
VID1797_A2,20.0,263478,579.1982465164507,0.9419886737408116,2498.7493500861674,0.5302843788580145
VID1797_A2,21.0,274515,591.2050013514544,0.9511657640614118,2482.77878733769,0.5596285879492381
VID1797_A2,22.0,261783,577.332198772427,0.9466027843066354,2604.690475583121,0.4848853473079575
VID1797_A2,23.0,268197,584.3620677108811,0.9536978429545762,2461.6782822743016,0.556161845140124
VID1797_A2,24.0,275745,592.528006311092,0.9536630663720028,2540.5422433049807,0.5368644774113571
VID1797_A2,25.0,267231,583.3087319585763,0.9563432702286798,2444.8498551495554,0.5618136861693475
VID1797_A2,26.0,269967,586.2871823377326,0.9566377514138708,2453.4295449327724,0.563603086436829
VID1797_A2,27.0,264285,580.0845740754812,0.947838998095607,2480.6072144624363,0.5397173430837616
VID1797_A2,28.0,269931,586.2480904445721,0.9511444840660191,2454.5716805565035,0.563003622338138
VID1797_A2,29.0,271518,587.9689232496918,0.9560896939307296,2477.9919907732865,0.5556594354171744
VID1797_A2,30.0,265464,581.3770398833921,0.9555251601756533,2462.6072144624363,0.5500791743713799
VID1797_A2,31.0,276597,593.442700144767,0.9570333719703128,2434.1219330881977,0.5866413482296614
VID1797_A2,32.0,274284,590.956204204795,0.9565933107801764,2423.4650788387053,0.5868631037761705
VID1797_A2,33.0,273150,589.7333140025326,0.9594444600556384,2396.293505963451,0.5977657768273027
VID1797_A2,34.0,268422,584.6071373810807,0.952516474274582,2526.063058585152,0.5286151387373791
VID1797_A2,35.0,265212,581.1010292008629,0.9605337022697558,2382.607214462436,0.5870811410898811
VID1797_A2,36.0,267354,583.442958002858,0.9517967631918092,2492.8620484583757,0.5406298966349443
VID1797_A2,37.0,262695,578.3369798000156,0.9562525253628332,2426.063058585152,0.5608639172501327
VID1797_A2,38.0,260571,575.9941852234153,0.9602091616949616,2379.193000900063,0.5784643465885565
VID1797_A2,39.0,264483,580.3018305245901,0.9574149221530008,2406.7493500861674,0.5737806524599324
VID1797_A2,40.0,263052,578.7298235979152,0.9626260223592484,2371.749350086167,0.587643438994784
VID1797_A2,41.0,248931,562.9820539861539,0.9371237760368628,2502.684378928712,0.4994323641559942
VID1797_A2,42.0,251022,565.3416108854098,0.9534303392167364,2367.6782822743016,0.5626991619667837
VID1797_A2,43.0,244698,558.1748562212426,0.9485778968301656,2310.9503602129435,0.5757832809588594
VID1797_A2,44.0,249888,564.0631909234819,0.9603800197542632,2253.494516090228,0.6183612324210063
VID1797_A2,45.0,247752,561.6472591290961,0.9379997576932396,2412.4295449327724,0.534955621793869
VID1797_A2,46.0,246639,560.3842682248815,0.9546035112707456,2296.050865276332,0.5879069645883319
VID1797_A2,47.0,248271,562.2352310296319,0.94950912713741,2343.1219330881977,0.5682586809436864
VID1797_A2,48.0,245160,558.7015364103382,0.9537035956446136,2310.808224589213,0.5769413514214197
VID1797_A2,49.0,236724,549.0048797487019,0.9561824438951092,2221.695526217005,0.6026748571963376
VID1797_A2,50.0,245700,559.3165080179822,0.952104161822832,2316.4234482783622,0.5754122661017235
VID1797_A2,51.0,238167,550.6756238031056,0.940631677060336,2361.5361466505706,0.5366637430053033
VID1797_A2,52.0,233826,545.634043830885,0.937700763150613,2306.9087296526013,0.5521306283654719
VID1797_A2,53.0,227385,538.0665143637959,0.9300418423732764,2362.322943214974,0.5120273272941972
VID1797_A2,54.0,230826,542.1224872231724,0.9360530424380056,2305.0803025278547,0.5459117859007603
VID1797_A2,55.0,236457,548.6951822546307,0.9301786739888124,2419.737156777347,0.5074878539128063
VID1797_A2,56.0,237273,549.6411251880141,0.9401716513717844,2408.1219330881977,0.5141634948556143
VID1797_A2,57.0,236250,548.4549593573589,0.9468748121280136,2274.737156777347,0.573745428078148
VID1797_A2,58.0,237681,550.1134866845188,0.9472910173531124,2362.666088965482,0.5350564873786853
VID1797_A2,59.0,234591,546.5258804841419,0.9480684284334449,2268.38181771802,0.5729132883099144
VID1797_A2,60.0,234942,546.934589433845,0.9520648698591,2270.938166904124,0.5724794566162771
VID1797_A2,61.0,229812,540.9304264456541,0.9343546459151564,2316.180807591243,0.5383164472710806
VID1797_A2,62.0,235467,547.5453368262345,0.940262032448578,2327.00923471599,0.5464415330726023
VID1797_A2,63.0,230001,541.1528143959266,0.9172046912822068,2503.050865276332,0.461317827379894
VID1797_A2,64.0,227031,537.6475119265119,0.9307104819766084,2397.837661840736,0.4961985281471365
VID1797_A2,65.0,226221,536.6875469484393,0.9403737035728388,2341.180807591243,0.5186481957329565
VID1797_A2,66.0,223593,533.5611019611242,0.92681420441121,2696.1635636485403,0.3865232267937243
VID1797_A2,67.0,218220,527.1113103056197,0.903666096578227,2693.4772721475247,0.3779878019269612
VID1797_A2,68.0,213861,521.8201627731595,0.9011009846923942,2627.092495836675,0.3893953216878449
VID1797_A2,69.0,214830,523.001005157213,0.9044293165944656,2676.962553521764,0.3767213208919315
VID1797_A2,70.0,212943,520.698999782542,0.924468505389835,2315.979797464466,0.4988887365007909
VID1797_A2,71.0,218037,526.8902453219462,0.9097991270748664,2626.927019615831,0.3970489454050812
VID1797_A2,72.0,220650,530.0380227359294,0.8876025278469454,2764.9331162702406,0.3626974777423977
VID1797_A3,0.0,250707,564.9867843958108,0.962358884201556,2268.6660889654822,0.6121180205942013
VID1797_A3,1.0,245412,558.9886073548778,0.9639385214833086,2264.5239533417507,0.6013839330988656
VID1797_A3,2.0,242325,555.4617652709755,0.955088286299858,2341.2640687119283,0.5555297037301465
VID1797_A3,3.0,250653,564.9259346201967,0.9608017510033388,2347.322943214974,0.571659050485742
VID1797_A3,4.0,248796,562.8293753633774,0.9570659762960796,2297.352380466497,0.5923767820861906
VID1797_A3,5.0,246783,560.5478343267216,0.9618694604896986,2241.553390593274,0.6172014365483617
VID1797_A3,6.0,230364,541.5796843340516,0.93715141184559,2488.648845022779,0.4674091752096824
VID1797_A3,7.0,227124,537.7576204559347,0.9332878586779204,2370.3107499061543,0.5079983713161252
VID1797_A3,8.0,248685,562.7038085729151,0.9600291847945676,2294.3940110268395,0.5936404066288529
VID1797_A3,9.0,225945,536.360055312834,0.9339734951512496,2452.1219330881977,0.4722027101710467
VID1797_A3,10.0,234027,545.8685106651014,0.9371200896968728,2349.837661840736,0.5325987087138969
VID1797_A3,11.0,233820,545.6270432722115,0.9291956270341802,2378.322943214974,0.5194573184992801
VID1797_A3,12.0,245340,558.906602130736,0.942386657396702,2315.050865276332,0.5752506920155621
VID1797_A3,13.0,243444,556.7427841728233,0.924679231523052,2469.6782822743016,0.5015660980655864
VID1797_A3,14.0,237999,550.4813697187435,0.923231790340162,2398.7077195258244,0.5197928852674555
VID1797_A3,15.0,236538,548.7891538947958,0.934478494644896,2484.4356415871825,0.4815654074435991
VID1797_A3,16.0,226248,536.7195734433775,0.9379866172483272,2296.1513703397204,0.5392542580410506
VID1797_A3,17.0,233727,545.518523124848,0.9360949684199564,2342.494516090228,0.5352560477971109
VID1797_A3,18.0,227724,538.467456848852,0.925064284582668,2408.9919907732865,0.493114707057445
VID1797_A3,19.0,236907,549.2170434578421,0.9344448520275946,2335.0803025278547,0.5459892808245135
VID1797_A3,20.0,246666,560.4149405053756,0.9390074917773176,2584.5483399593904,0.464034036120518
VID1797_A3,21.0,240105,552.9115488833962,0.9420832908273368,2345.5361466505706,0.5484370771979349
VID1797_A3,22.0,232989,544.656596662797,0.940696956116232,2257.938166904124,0.5742766945553269
VID1797_A3,23.0,228276,539.1196808816795,0.9284229791560752,2331.837661840736,0.527561984477141
VID1797_A3,24.0,237105,549.446505361924,0.9300861419694972,2435.879292401078,0.502156454680864
VID1797_A3,25.0,237330,549.7071412597768,0.9434592312554412,2323.3940110268395,0.5524802686124334
VID1797_A3,26.0,236244,548.4479948057188,0.9500378014058906,2274.180807591243,0.5740116029030092
VID1797_A3,27.0,240396,553.246503464915,0.9540886793351432,2240.896536343781,0.6015801399824179
VID1797_A3,28.0,231780,543.2416236618067,0.9537918348703136,2193.239682094289,0.6054992822612789
VID1797_A3,29.0,225267,535.5547147807177,0.9514933411052118,2201.695526217005,0.5839732037426963
VID1797_A3,30.0,228018,538.8149353084251,0.9399586945499068,2245.3107499061543,0.5683633754106859
VID1797_A3,31.0,236700,548.9770489180883,0.9458995036725036,2316.979797464466,0.554068713804215
VID1797_A3,32.0,228369,539.2294888001067,0.9295535583451376,2341.808224589213,0.5232923192438514
VID1797_A3,33.0,239592,552.3205672453155,0.953034817163155,2304.5655839020933,0.5668968359561253
VID1797_A3,34.0,222828,532.6475582167319,0.9502624834215384,2172.624458405139,0.5932125053048982
VID1797_A3,35.0,230127,541.3010222706666,0.9603590595344412,2156.9676041556468,0.6215702146630193
VID1797_A3,36.0,220440,529.7857352188895,0.9519737779677924,2169.0681092190357,0.5887811371822351
VID1797_A3,37.0,221907,531.5456402356676,0.955067205515888,2145.440692221065,0.6058259040559625
VID1797_A3,38.0,224385,534.5052434218017,0.9583941979959508,2141.109739779378,0.6150718216985016
VID1797_A3,39.0,220203,529.5008663536983,0.9595403681238236,2117.695526217005,0.6170296834742737
VID1797_A3,40.0,214791,522.9535304911999,0.9549110179475666,2079.026478658692,0.6244618377428404
VID1797_A3,41.0,211512,518.9464737196157,0.96363893153768,2062.4823227814086,0.6248336439332268
VID1797_A3,42.0,224190,534.2729391745161,0.9521888153172476,2155.5239533417507,0.6063458288522274
VID1797_A3,43.0,222363,532.0915004827131,0.9631691110860846,2080.1980515339465,0.6457479233325515
VID1797_A3,44.0,215745,524.1135998797281,0.95146217657254,2134.896536343781,0.5948355805443342
VID1797_A3,45.0,213693,521.6151627714546,0.9701367860499112,2059.724963468528,0.6329679130282277
VID1797_A3,46.0,214287,522.3396235426371,0.966828942559748,2075.825468531916,0.6249194138084871
VID1797_A3,47.0,222186,531.8796870407131,0.9709950485746626,2079.026478658692,0.6459613199842205
VID1797_A3,48.0,214479,522.5735778962164,0.9639765566711912,2068.3107499061543,0.6300326578554402
VID1797_A3,49.0,205416,511.41350619759567,0.9615458430658472,2043.796031280393,0.6179723290750707
VID1797_A3,50.0,207882,514.4740839329373,0.963473811543221,2065.0681092190357,0.6125731972022224
VID1797_A3,51.0,211155,518.5083375111275,0.973472746635686,2021.8549057834389,0.6490994803153848
VID1797_A3,52.0,210498,517.7010504988978,0.9616874691617476,2028.783837971573,0.6426674214774935
VID1797_A3,53.0,215448,523.7527216483952,0.9573424336141624,2129.4528855298854,0.5970576394026624
VID1797_A3,54.0,207252,513.6939187156609,0.9577618396243852,2075.796031280393,0.604420574986693
VID1797_A3,55.0,206082,512.2418880354396,0.9269694761557769,2206.666088965482,0.531834715459148
VID1797_A3,56.0,201543,506.5693610598245,0.9365816255402204,2211.0092347159894,0.5180795738491523
VID1797_A3,57.0,190104,491.9836688471817,0.9278208625965748,2205.4528855298854,0.4911402760798279
VID1797_A3,58.0,212457,520.1044644643982,0.9260008281212544,2278.139177030901,0.5144230303962354
VID1797_A3,59.0,206250,512.4506377219442,0.8972345599526695,2470.9087296526013,0.4245124325098193
VID1797_A3,60.0,205770,511.8539841792329,0.9021280700062256,2382.9676041556468,0.4553608038592629
VID1797_A3,61.0,195333,498.7040204287043,0.9355252759884096,2325.5361466505706,0.4538781704766492
VID1797_A3,62.0,191997,494.4271158325735,0.9320740427886924,2274.808224589213,0.4662455794978221
VID1797_A3,63.0,176871,474.5515267248152,0.899155092827948,2626.134126397017,0.3222795054885596
VID1797_A3,64.0,177123,474.8894691211064,0.8985906489711433,2443.4356415871825,0.3728061039481705
VID1797_A3,65.0,181182,480.2999970791237,0.9125671775603024,2306.251875403109,0.4280666954434867
VID1797_A3,66.0,172602,468.7896030207779,0.8836928307025942,2399.7077195258244,0.37665088360376
VID1797_A3,67.0,188964,490.50630712696784,0.908419625602123,2660.2346314604056,0.3355436711344612
VID1797_A3,68.0,195741,499.22458045052775,0.8933784264862941,2532.2640687119283,0.3835956569031832
VID1797_A3,69.0,178590,476.85202138006366,0.8893437112508777,2765.045814642449,0.29353665306535
VID1797_A3,70.0,176778,474.4267490763907,0.8909373141549658,2334.322943214974,0.4076769930071177
VID1797_A3,71.0,168780,463.5702431783136,0.9041672693377047,2351.737156777347,0.3834893298171819
VID1797_A3,72.0,176826,474.491154540672,0.8926999192245557,2663.619407771256,0.3131927106758995
VID1797_A4,0.0,280338,597.4424051671978,0.9720761050102118,2378.5067093990474,0.6227060325148999
VID1797_A4,1.0,249819,563.9853099382941,0.9632875761548546,2277.5655839020937,0.6051925127172334
VID1797_A4,2.0,238776,551.3792211660531,0.965828560333948,2232.1097397793774,0.6022397977744661
VID1797_A4,3.0,242295,555.4273809343632,0.951702927440483,2304.0386719675125,0.5735546271183976
VID1797_A4,4.0,254835,569.619170483741,0.945160058007351,2439.950360212944,0.5379067048285514
VID1797_A4,5.0,227148,537.7860319007019,0.9484140073402004,2267.636651713959,0.5551007902263546
VID1797_A4,6.0,245634,559.2413810971761,0.9622215780443282,2303.2935059634515,0.5818349140126579
VID1797_A4,7.0,224883,535.0980550690476,0.9628736823175796,2178.4234482783622,0.595500162279827
VID1797_A4,8.0,250611,564.8786024851922,0.9457804044109324,2396.021428024809,0.5485656355065351
VID1797_A4,9.0,239376,552.0715436069172,0.9427518195280254,2334.979797464466,0.5517269711177946
VID1797_A4,10.0,221634,531.2185739013961,0.9520074568204564,2174.5239533417507,0.5890034744675464
VID1797_A4,11.0,248409,562.3914669232785,0.9195837590511304,2695.3178925810907,0.4296919345226487
VID1797_A4,12.0,241623,554.6566131558734,0.9005098427984705,2621.4772721475247,0.441830754671671
VID1797_A4,13.0,240108,552.9150030585809,0.9244701126191164,2477.4650788387053,0.4915881564167929
VID1797_A4,14.0,233757,545.5535319825703,0.9295141222269496,2413.979797464466,0.5040890070365417
VID1797_A4,15.0,236241,548.4445124967334,0.9421751615218952,2393.950360212944,0.5180060769230854
VID1797_A4,16.0,235617,547.7197109944692,0.9312924901185772,2359.1513703397204,0.5319917178550556
VID1797_A4,17.0,249402,563.5144088096054,0.9301636910866864,2561.2346314604056,0.4777614069022115
VID1797_A4,18.0,244446,557.887366546628,0.9252168778671028,2564.790980646509,0.4669698525624726
VID1797_A4,19.0,259656,574.9819886116029,0.9357579951131966,2478.950360212944,0.5309731566693507
VID1797_A4,20.0,247908,561.8240552487982,0.9178378378378378,2572.7787873376897,0.4706472366239268
VID1797_A4,21.0,253614,568.2529136735363,0.902040148529642,2778.5483399593904,0.4128071150786979
VID1797_A4,22.0,246483,560.2070177219821,0.9176753104115862,2680.146319705837,0.4312010663962747
VID1797_A4,23.0,240270,553.1014964846122,0.9313079475332569,2406.808224589213,0.5212264409099429
VID1797_A4,24.0,242277,555.4067493106301,0.9307463581043702,2429.9919907732865,0.5155993569620889
VID1797_A4,25.0,253011,567.5769643431526,0.9340990397288648,2520.305699272272,0.5005446503229054
VID1797_A4,26.0,250614,564.8819834835043,0.9304123137237432,2479.7493500861674,0.5121528833097231
VID1797_A4,27.0,243069,556.3138169228149,0.9191422261884956,2471.2935059634515,0.5001390702474616
VID1797_A4,28.0,249336,563.4398416211677,0.909892419752726,2643.8620484583757,0.4482468749465915
VID1797_A4,29.0,253950,568.6292134471237,0.9290966963011744,2497.77878733769,0.5115052966508472
VID1797_A4,30.0,241365,554.3604086828374,0.949549351073414,2362.1990975544727,0.5435645926541708
VID1797_A4,31.0,247887,561.8002590118354,0.9379214057072806,2401.0336213336286,0.5403400176636312
VID1797_A4,32.0,230673,541.9427880345804,0.9247263980757668,2551.790980646509,0.4451603054236799
VID1797_A4,33.0,227478,538.1765371671877,0.911465136592754,2541.9331162702406,0.4424060190061794
VID1797_A4,34.0,239004,551.6424060475073,0.9159662899387194,2642.3889603929565,0.4301515982967744
VID1797_A4,35.0,244965,558.47929690907,0.9340361847749412,2579.004184082106,0.4628175387485976
VID1797_A4,36.0,243921,557.2879533879641,0.9477223983588212,2460.063058585152,0.5064849871993841
VID1797_A4,37.0,231285,542.6612277508613,0.9281918949505976,2677.2173875177023,0.4054992522296182
VID1797_A4,38.0,232392,543.9583479275724,0.949849179684626,2414.305699272272,0.5010101431345955
VID1797_A4,39.0,226476,536.989943233056,0.913474879803814,2758.518902707868,0.3740073365016672
VID1797_A4,40.0,248232,562.1910695383723,0.934868901727138,2690.347329832613,0.430973856875175
VID1797_A4,41.0,220551,529.9191021570036,0.9243545683151718,2817.974746830583,0.3490154894224853
VID1797_A4,42.0,221874,531.5061154385427,0.9131368836941312,2835.430590953299,0.3467993189128134
VID1797_A4,43.0,233250,544.961580122376,0.9290866868748828,2879.1168824543142,0.3536005437513113
VID1797_A4,44.0,223917,533.9475434333071,0.9077667147745148,3011.0163773909258,0.3103635390788823
VID1797_A4,45.0,209646,516.652279193219,0.9042545849795552,2537.6427483683688,0.4091056535761062
VID1797_A4,46.0,208719,515.5087628135708,0.9169342828399092,2627.2346314604056,0.3799917160145741
VID1797_A4,47.0,205863,511.9696401133712,0.9248196300056604,2266.979797464466,0.5033764129629802
VID1797_A4,48.0,215529,523.8511676394593,0.8735560905619999,3092.0874452027915,0.2832774752906655
VID1797_A4,49.0,223539,533.4966678345363,0.922194398491743,2519.9209229614207,0.4423737442191687
VID1797_A4,50.0,209586,516.5783418058328,0.8974423752981326,2592.506709399048,0.3918612821312779
VID1797_A4,51.0,211125,518.4715024784016,0.9026331878289348,2418.222438151586,0.4536877295169677
VID1797_A4,52.0,210339,517.5054904057051,0.9228187477789332,2738.134126397017,0.3525496052679813
VID1797_A4,53.0,210627,517.8596581979843,0.9420781207369272,2270.281312654632,0.5135285072414976
VID1797_A4,54.0,210618,517.8485941209366,0.942991076825266,2282.180807591243,0.5081655866068863
VID1797_A4,55.0,212844,520.5779458060157,0.8794370782942117,3076.761543394987,0.2825423797715071
VID1797_A4,56.0,185514,486.00798440149,0.8885748909123131,2338.666088965482,0.4262359896097372
VID1797_A4,57.0,195558,498.9911611334603,0.8899436612026832,2731.4772721475247,0.3293747239678199
VID1797_A4,58.0,187512,488.6181469331443,0.9214077226224288,2275.109739779378,0.4552335178418009
VID1797_A4,59.0,174390,471.2114644258616,0.906586122822431,2256.5655839020937,0.4303635896588494
VID1797_A4,60.0,172563,468.7366377382228,0.9103920906577754,2322.364573775317,0.402065445540705
VID1797_A4,61.0,165684,459.2988359770801,0.90862924675752,2227.0803025278547,0.4197770404357204
VID1797_A4,62.0,176940,474.6440824928082,0.8932032953719409,2560.40620433566,0.3391705574157774
VID1797_A4,63.0,177684,475.640931025414,0.8734447890910342,2654.17575695736,0.3169558926872783
VID1797_A4,64.0,174669,471.5882505314845,0.8727995003123048,2655.4183976444792,0.3112861356836626
VID1797_A4,65.0,157518,447.8371876112941,0.8494650330040122,2646.347329832614,0.282648291426654
VID1797_A4,66.0,194379,497.4847027457992,0.8641102126278635,2785.3178925810907,0.3148543294367853
VID1797_A4,67.0,155769,445.3439689092596,0.8797327519992771,2369.3940110268395,0.3486713980370983
VID1797_A4,68.0,153828,442.5606090554384,0.8677267778674053,2479.9503602129435,0.314310783949053
VID1797_A4,69.0,162297,454.57998019257593,0.8715617515331823,2302.9442635585337,0.3845506075019062
VID1797_A4,70.0,162744,455.2055540834045,0.8489249162780508,2427.5950211536165,0.3470262872812244
VID1797_A4,71.0,156498,446.3848589188073,0.8895318104050974,2369.5361466505706,0.3502611582812688
VID1797_A4,72.0,161385,453.30096396002097,0.898940555233724,2293.879292401078,0.3854179248775231
VID1797_A5,0.0,97239,351.8643774105337,0.5316628029043828,2665.0092347159894,0.172049300565688
VID1797_A5,1.0,121752,393.7251084838196,0.6125671045548081,3730.241774135342,0.1099542461514059
VID1797_A5,2.0,135708,415.6787126338315,0.6650331761915497,4368.53318805774,0.0893601800760731
VID1797_A5,3.0,250389,564.628352429005,0.737637981776242,8363.834882716654,0.0449794570539579
VID1797_A5,4.0,212724,520.4311759630112,0.6604653473339087,8675.675503150222,0.0355156490120052
VID1797_A5,5.0,241152,554.1157484605305,0.7068775996552846,8122.337408033596,0.0459344667691486
VID1797_A5,6.0,261675,577.2130957181877,0.6946896429054978,9121.652162553108,0.0395207413279757
VID1797_A5,7.0,240255,553.0842312164997,0.6641648697959861,8916.68159980463,0.037973076195051
VID1797_A5,8.0,227058,537.6794812418236,0.6663614512990729,10176.607573399937,0.0275512061704072
VID1797_A5,9.0,424587,735.2557096551299,0.4977211503970403,16665.670811453834,0.0192101589559879
VID1797_A5,10.0,490134,789.9734115900511,0.5240628789061414,19333.95822076288,0.016477189729815
VID1797_A5,11.0,226035,536.466868030275,0.6546198579752789,9583.784196909071,0.0309251278758755
VID1797_A5,12.0,488820,788.9137812571423,0.5125156484923975,18806.093213711672,0.0173684739630378
VID1797_A5,13.0,250587,564.8515537701479,0.7261602213947288,9291.582140761768,0.0364744758563084
VID1797_A5,14.0,283938,601.2662387437138,0.720874377983142,10488.584232802825,0.0324339350203992
VID1797_A5,15.0,239313,551.9988905507021,0.6979598979219832,8399.04198949784,0.0426301293308373
VID1797_A5,16.0,290472,608.1450789394848,0.7509209686133896,9597.849168066528,0.0396247283366258
VID1797_A5,17.0,279996,597.0778672565804,0.7526855127474489,9408.74866300314,0.0397464144212142
VID1797_A5,18.0,293901,611.7241007490297,0.753719860284048,9487.849168066528,0.041027531153382
VID1797_A5,19.0,285372,602.7826435458828,0.7459964761670737,9008.895849260753,0.0441853287638129
VID1797_A5,20.0,307659,625.8782669926121,0.6807850096698959,9904.961866438734,0.0394070452324484
VID1797_A5,21.0,313266,631.5557451413181,0.6947386629763679,9392.274528917194,0.0446253432245614
VID1797_A5,22.0,335733,653.8107769627007,0.6578021340710756,10979.525358299776,0.0349974791135523
VID1797_A5,23.0,315747,634.0517065125631,0.7499323095046956,9263.475539043971,0.04623822764283
VID1797_A5,24.0,543876,832.1564940757125,0.5646588330076807,16022.342817604978,0.0266230445760227
VID1797_A5,25.0,531444,822.5907345771856,0.5492001913877576,16115.040256394288,0.0257160690236437
VID1797_A5,26.0,548760,835.8845210726587,0.5711454757776284,15591.732644549713,0.0283663562611777
VID1797_A5,27.0,345627,663.3746785400994,0.6718640048208697,11375.72131779267,0.0335629122446464
VID1797_A5,28.0,345717,663.4610430818122,0.6801556588647054,10578.44209717909,0.0388228284872875
VID1797_A5,29.0,506187,802.8058952392277,0.5321069959885966,14861.412839396316,0.0288005415363537
VID1797_A5,30.0,344499,662.2912878195808,0.6813734313037114,9737.25728497449,0.0456588047919482
VID1797_A5,31.0,353592,670.9749005007532,0.6750979448759364,10009.476585064496,0.0443495848316391
VID1797_A5,32.0,373314,689.4332073546085,0.7347963098192898,8844.593288050062,0.0599692209652485
VID1797_A5,33.0,566178,849.0466529932645,0.5853741753316508,14448.66053071732,0.0340806350714388
VID1797_A5,34.0,565926,848.8576810006443,0.590865856956267,14082.695018602726,0.0358589825381601
VID1797_A5,35.0,569616,851.6205824860414,0.5984329397822757,14708.388452778678,0.0330873405469208
VID1797_A5,36.0,558309,843.1257895364985,0.5886299155815197,13525.120379453392,0.0383532538016399
VID1797_A5,37.0,560223,844.5697587944805,0.5864318104736902,14096.286901694762,0.0354291993634395
VID1797_A5,38.0,550203,836.9828058161772,0.5783653436798005,13482.078748893053,0.0380381248044415
VID1797_A5,39.0,570240,852.0869192692604,0.5921483029111051,12667.14267402998,0.044659125817546
VID1797_A5,40.0,574446,855.2235751632056,0.595179679308387,13289.344730177285,0.0408744516158764
VID1797_A5,41.0,549615,836.5354459791985,0.5794558155913219,11463.123338046222,0.0525608657977352
VID1797_A5,42.0,551922,838.2892794312239,0.5756671172524281,13396.972147175253,0.0386433048293842
VID1797_A5,43.0,576771,856.9525339576543,0.5446507657411797,15194.950898619192,0.031391688624531
VID1797_A5,44.0,557748,842.7020882832483,0.5833384755854585,14193.429037318494,0.0347915056728389
VID1797_A5,45.0,517182,811.47801832534,0.5470336249114159,14445.495054496476,0.0311450050373377
VID1797_A5,46.0,538569,828.0865585000591,0.5750342200289135,15338.96918858242,0.0287646348770904
VID1797_A5,47.0,516387,810.8540860026276,0.5513244290701771,14302.583366251043,0.0317216806560881
VID1797_A5,48.0,514512,809.3806426155608,0.5411831281022639,15084.164102054789,0.02841599550107
VID1797_A5,49.0,188217,489.53582850637,0.6986810894282989,8027.106960655297,0.0367071453075025
VID1797_A5,50.0,217827,526.6364498503938,0.693908821871028,8338.675503150222,0.0393665564330073
VID1797_A5,51.0,197472,501.4271226987448,0.6641688136094873,8203.53336752649,0.0368734260083639
VID1797_A5,52.0,170268,465.6092254272532,0.4305198056101988,5201.888527117068,0.0790716526836892
VID1797_A5,53.0,152796,441.0735873721685,0.5144230769230769,4888.758584802156,0.0803386752188699
VID1797_A5,54.0,137301,418.1113042380971,0.5371713615023475,6781.903858487467,0.037512871264184
VID1797_A5,55.0,150885,438.3066833934489,0.4811077099674765,4717.066196646731,0.0852142035735306
VID1797_A5,56.0,71211,301.1123730771216,0.6105143131488927,2504.7077195258244,0.1426404958869242
VID1797_A5,57.0,69930,298.3917582027525,0.6385018535088841,3982.035713374682,0.055419562219253
VID1797_A5,58.0,102726,361.6556448784732,0.4287180942523746,3510.555482634327,0.1047462681783838
VID1797_A5,59.0,130821,408.12555725144034,0.6468857549744848,3911.8225099390856,0.1074308583625932
VID1797_A5,60.0,91554,341.423744456479,0.6553005089003886,2527.77878733769,0.1800566050966073
VID1797_A5,61.0,126390,401.15426715800646,0.4571480242336558,3432.756492761104,0.1347834545689858
VID1797_A5,62.0,77805,314.7449805447568,0.6799531579085356,2044.6833329081849,0.233865014383337
VID1797_A5,63.0,126474,401.287550493203,0.4421147567344599,4122.177848998413,0.0935314501301049
VID1797_A5,64.0,97929,353.11057103458364,0.5717313249846747,2953.004184082106,0.1411214594297068
VID1797_A5,65.0,162513,454.8823783502121,0.6492521213864519,4544.16670171012,0.0988984446304404
VID1797_A5,66.0,83460,325.98247254046754,0.5871138843358916,4844.208332270462,0.0446933202787727
VID1797_A5,67.0,124185,397.6396017286711,0.4377736415744834,4427.307791313324,0.0796158570110304
VID1797_A5,68.0,109308,373.0620165011592,0.6723625694303482,3233.0996385116114,0.1314085533026731
VID1797_A5,69.0,120858,392.27692373832326,0.6183513087612303,4111.006276123159,0.0898646707647957
VID1797_A5,70.0,291537,609.2589245579052,0.5574982120251349,9189.143540581756,0.0433863857612202
VID1797_A5,71.0,276543,593.3847684426153,0.5561470332711242,11749.367024753868,0.0251734994837013
VID1797_A5,72.0,213243,521.0656582792233,0.65088715855918,6154.932249718464,0.0707356085450958
VID1797_A6,0.0,291498,609.2181717670694,0.9657720099791604,2578.790980646509,0.5508243849637674
VID1797_A6,1.0,287127,604.6333192614951,0.9591874231653216,2476.536146650571,0.5882941841474671
VID1797_A6,2.0,275865,592.6569218429544,0.9571168358053604,2472.879292401078,0.5668923961880035
VID1797_A6,3.0,252105,566.5598427575486,0.9520869210550168,2357.6366517139586,0.5699510713065006
VID1797_A6,4.0,286848,604.3394881423784,0.9566574618801776,2561.6488450227785,0.5493163160251002
VID1797_A6,5.0,237945,550.4189163464573,0.91861434759445,2600.749350086167,0.4420683779467532
VID1797_A6,6.0,276300,593.1240057612956,0.9496509697575864,2636.648845022779,0.4994432664890746
VID1797_A6,7.0,290148,607.8058139124847,0.9603352177194074,2539.9209229614207,0.5651829527390444
VID1797_A6,8.0,304293,622.4450825463214,0.9552920567349168,2603.962553521764,0.5639392947272837
VID1797_A6,9.0,275262,592.0088374026948,0.9367145467724316,2618.063058585152,0.5046565560385358
VID1797_A6,10.0,291165,608.8700945545065,0.9278976385480736,2813.619407771256,0.4621876436763261
VID1797_A6,11.0,258777,574.0079351959615,0.9066088833145316,3047.7026688919414,0.3500985782434572
VID1797_A6,12.0,262071,577.6496868589896,0.9122207950878732,2851.4183976444792,0.4050484131735283
VID1797_A6,13.0,301554,619.6373759490847,0.9271253193628424,2971.116882454314,0.4292748878444584
VID1797_A6,14.0,283167,600.4493502070111,0.9115776122381968,3025.8742417671947,0.3886429151134525
VID1797_A6,15.0,290781,608.468461021305,0.92982674929491,2864.347329832614,0.4453736626791366
VID1797_A6,16.0,254307,569.0287592933814,0.8808663634694719,3728.182899632297,0.2299184158270307
VID1797_A6,17.0,285078,602.4720598783073,0.9142800330975028,3315.3067452927976,0.3259313480077624
VID1797_A6,18.0,288006,605.5581130832906,0.9362577776044004,2702.447834896002,0.4955605889022971
VID1797_A6,19.0,284238,601.5837944263735,0.9158214225876712,3014.460028204822,0.3930727559254194
VID1797_A6,20.0,274851,591.5667013194744,0.9311206946199476,2665.8498551495554,0.4859994907563046
VID1797_A6,21.0,263376,579.086123417034,0.9257602013377996,2649.193000900063,0.4715837847726475
VID1797_A6,22.0,251244,565.5915453553397,0.936617880602134,2412.7665940288703,0.5423441259088263
VID1797_A6,23.0,244830,558.3253869720684,0.927720202345541,2439.979797464466,0.5167756425310148
VID1797_A6,24.0,239457,552.1649406324598,0.914645745083135,2510.666088965482,0.477374798256262
VID1797_A6,25.0,232359,543.9197251204608,0.9334123365537188,2358.938166904124,0.5247304275546084
VID1797_A6,26.0,224436,534.5659832632273,0.9194277848785763,2409.737156777347,0.4856943320368496
VID1797_A6,27.0,218220,527.1113103056197,0.9340609951845908,2272.5239533417507,0.5309913866538475
VID1797_A6,28.0,217233,525.917908063087,0.9582019240524196,2211.3940110268395,0.5582174464210722
VID1797_A6,29.0,209382,516.3268754923937,0.9514898412683986,2173.6955262170045,0.5568673878465008
VID1797_A6,30.0,209568,516.5561585259231,0.9245918997617576,2223.0681092190357,0.5328798465435581
VID1797_A6,31.0,209211,516.1159931581158,0.9224877640107588,2365.322943214974,0.4699087052615058
VID1797_A6,32.0,207633,514.1658743946316,0.9294891308240518,2244.553390593274,0.5179005382141582
VID1797_A6,33.0,205218,511.1669716359427,0.9066882273414096,2384.4234482783622,0.4535848566346566
VID1797_A6,34.0,202821,508.1729210640119,0.942599408845017,2126.0386719675125,0.5638719146863833
VID1797_A6,35.0,206490,512.748704135236,0.923714900488944,2209.724963468528,0.5314133303310882
VID1797_A6,36.0,209556,516.5413691433841,0.914772132006286,2370.494516090228,0.4686321225636805
VID1797_A6,37.0,199788,504.3589814443168,0.9452319221816392,2098.9676041556468,0.5698594991729882
VID1797_A6,38.0,199005,503.3696808509836,0.9332792451414422,2309.0092347159894,0.4690536421019192
VID1797_A6,39.0,206838,513.1805929241008,0.9223709675980842,2257.5950211536165,0.5099740956859419
VID1797_A6,40.0,204615,510.4154282993269,0.92118710072438,2302.7077195258244,0.484919555324743
VID1797_A6,41.0,207597,514.1212986916469,0.9039318993294436,2370.5067093990474,0.4642464158175819
VID1797_A6,42.0,215085,523.31131029184,0.9217112198633836,2405.364573775317,0.4671519510898898
VID1797_A6,43.0,214746,522.8987466744372,0.9244180039947656,2360.808224589213,0.484187449667938
VID1797_A6,44.0,219330,528.4502146340403,0.9269527585011876,2372.2224381515857,0.4897755305458891
VID1797_A6,45.0,220569,529.9407260653686,0.9171458866088692,2527.364573775317,0.4339288754926479
VID1797_A6,46.0,219138,528.2188631184748,0.9242000582005896,2564.2346314604056,0.4188051708380743
VID1797_A6,47.0,224151,534.2264662031744,0.9134405359587924,2511.77878733769,0.446465359113198
VID1797_A6,48.0,220512,529.8722473282029,0.9192787910369984,2518.092495836675,0.437017405816998
VID1797_A6,49.0,227136,537.7718263659467,0.9069115591934518,2681.9919907732865,0.3968084247288982
VID1797_A6,50.0,234144,546.004944998184,0.9099826665526648,2601.719912834644,0.4346821590367893
VID1797_A6,51.0,242898,556.1180980125368,0.921135862021889,2633.5483399593904,0.4400998433992503
VID1797_A6,52.0,240864,553.7847683920985,0.910869672090851,2627.134126397017,0.4385481330458798
VID1797_A6,53.0,236601,548.8622318249675,0.8992645521749871,2628.6782822743016,0.4302804020048869
VID1797_A6,54.0,244074,557.4627060545755,0.9000741229703766,2621.205194208883,0.4464053007243564
VID1797_A6,55.0,253212,567.8023701971312,0.9107984935847864,2690.6782822743016,0.4395118620930075
VID1797_A6,56.0,250677,564.9529797740485,0.9119307640258144,2659.8498551495554,0.445256336442287
VID1797_A6,57.0,253764,568.4209354256525,0.9309468169795332,2668.974746830583,0.4476627374804132
VID1797_A6,58.0,255423,570.2759544596717,0.9108522155893618,2772.447834896002,0.4175832775438366
VID1797_A6,59.0,254067,568.7601879634584,0.9226252296876248,2585.2640687119283,0.4776923685018289
VID1797_A6,60.0,251415,565.7839871714212,0.9154647508839132,2650.134126397017,0.449847529632768
VID1797_A6,61.0,256437,571.4067982910694,0.9206634713770262,2689.063058585152,0.4456445281801849
VID1797_A6,62.0,253686,568.333570313847,0.911228448275862,2677.4772721475247,0.4446873536060051
VID1797_A6,63.0,255399,570.2491617581002,0.9008401760772032,2910.790980646509,0.3787974226588951
VID1797_A6,64.0,253575,568.2092198796311,0.8844765342960289,2862.974746830583,0.3887597226184226
VID1797_A6,65.0,241371,554.3672989564509,0.8852810756687169,2935.075251893972,0.352092255581821
VID1797_A6,66.0,243624,556.9485710966133,0.888976464148878,2773.447834896002,0.3980062848546098
VID1797_A6,67.0,241443,554.4499755609083,0.9030227548135182,2781.335136523794,0.3922092555973848
VID1797_A6,68.0,249861,564.0327170360532,0.8879211087420043,2745.134126397017,0.416659415434592
VID1797_A6,69.0,251049,565.3720142226867,0.8996978895271953,2850.134126397017,0.3883629249583809
VID1797_A6,70.0,248997,563.0566818007059,0.8887322385257574,3233.430590953299,0.2992794472299058
VID1797_A6,71.0,262710,578.3534912122296,0.9204169221336604,3022.531096016687,0.3613640236078265
VID1797_A6,72.0,263196,578.888206147021,0.9186725120071484,2959.447834896002,0.3776311144363918
VID1797_A7,0.0,299844,617.8780122739198,0.9667397472272375,2464.749350086167,0.6202399062748479
VID1797_A7,1.0,271659,588.1215703264161,0.9645474428711422,2357.879292401078,0.6140317457671174
VID1797_A7,2.0,279912,596.9882975786953,0.9633899961796462,2418.1219330881977,0.6015545123674776
VID1797_A7,3.0,255003,569.8069002970223,0.9438088716990212,2433.3940110268395,0.5411657269110419
VID1797_A7,4.0,268899,585.1263456209612,0.941777019714699,2498.4650788387053,0.5413180190250385
VID1797_A7,5.0,259452,574.7560755317228,0.9264587729916764,2727.690475583121,0.4382043781559872
VID1797_A7,6.0,276957,593.8287670627085,0.91423657646119,2804.7676400493965,0.4424135645009977
VID1797_A7,7.0,278280,595.2454120015551,0.9104829210836278,2755.075251893972,0.4607071235344091
VID1797_A7,8.0,274986,591.7119649361025,0.9037743538506036,2847.986940139403,0.4260341973091343
VID1797_A7,9.0,279825,596.8955148143742,0.9078477365854608,2913.2173875177023,0.4143340162203091
VID1797_A7,10.0,300846,618.9095443402007,0.9349373178114376,2712.1046891454944,0.5139740664650669
VID1797_A7,11.0,286503,603.9759509163079,0.9186969710573402,2800.832611206853,0.4589493181667403
VID1797_A7,12.0,291912,609.6506392867401,0.9420405844994062,2711.17575695736,0.4990527666934209
VID1797_A7,13.0,296766,614.6984681393596,0.9325372759124546,2743.773736703806,0.495367394538835
VID1797_A7,14.0,293460,611.2649808372641,0.937763632180382,2682.004184082106,0.5126723262886006
VID1797_A7,15.0,288957,606.5570699678955,0.9443409545472372,2549.719912834644,0.5585449535236059
VID1797_A7,16.0,276024,592.8276917418573,0.9304890710750934,2599.376767084136,0.5133555283117126
VID1797_A7,17.0,265884,581.8367667244516,0.9346808922011496,2568.9919907732865,0.5062634416380625
VID1797_A7,18.0,255708,570.5940216170679,0.929323472224746,2514.7787873376897,0.5081063269600004
VID1797_A7,19.0,244818,558.3117040354547,0.9374468704289424,2383.080302527855,0.5417212298512629
VID1797_A7,20.0,229275,540.2980627571733,0.9358889056702356,2339.050865276332,0.5266077349887467
VID1797_A7,21.0,223338,533.256761271774,0.93081934007677,2321.5361466505706,0.520740776747442
VID1797_A7,22.0,217557,526.3099615568261,0.9333965445488908,2231.1097397793774,0.5492133196580515
VID1797_A7,23.0,212574,520.247655432038,0.936684541933437,2236.5655839020937,0.5340190296598534
VID1797_A7,24.0,210792,518.0624577344072,0.9397142411341194,2202.080302527855,0.5462578412449048
VID1797_A7,25.0,207054,513.4484791053474,0.9290015165247356,2213.4234482783622,0.531085538981702
VID1797_A7,26.0,209466,516.430435274196,0.917555533166584,2360.293505963451,0.4724886500158826
VID1797_A7,27.0,201153,506.0789999023,0.9290445047941028,2229.1097397793774,0.5087137532988266
VID1797_A7,28.0,202011,507.1571686089973,0.9190715153390144,2358.636651713959,0.4563129527533691
VID1797_A7,29.0,193326,496.1353728827144,0.9054361011067036,2406.9503602129435,0.419339585852452
VID1797_A7,30.0,198282,502.4544590399985,0.9210551986510402,2324.5361466505706,0.4611269949525775
VID1797_A7,31.0,191772,494.1373229912426,0.9237349774812744,2241.737156777347,0.4795409297478119
VID1797_A7,32.0,201702,506.76914137718745,0.9011875720451438,2550.9209229614207,0.3895166950373395
VID1797_A7,33.0,200064,504.7072381865507,0.931865183611872,2306.7077195258244,0.472491144877163
VID1797_A7,34.0,190731,492.7943299256621,0.923252301704859,2328.2224381515857,0.4421628073512159
VID1797_A7,35.0,190077,491.94872999594736,0.910060231157415,2342.7787873376897,0.4351879551693364
VID1797_A7,36.0,218382,527.3069298410123,0.8815928110353514,2748.3767670841366,0.3633073346863085
VID1797_A7,37.0,218211,527.1004404249769,0.8820312373684296,2819.690475583121,0.3448924035341147
VID1797_A7,38.0,211956,519.4908670456932,0.8879114250166518,2613.1341263970176,0.3900606819021701
VID1797_A7,39.0,207630,514.1621599003196,0.888518963886666,2798.17575695736,0.3332345237200072
VID1797_A7,40.0,202332,507.5599507106081,0.890941835939392,2621.447834896002,0.3699917143701061
VID1797_A7,41.0,207489,513.9875483876572,0.8925640099112121,2508.335136523794,0.4144134270047814
VID1797_A7,42.0,210243,517.3873805996382,0.8974426834109507,2483.2640687119283,0.4284356486109329
VID1797_A7,43.0,222435,532.1776377612704,0.8955323029353861,2685.477272147525,0.3875877352663659
VID1797_A7,44.0,229758,540.8668702363472,0.898257109569868,2801.17575695736,0.3679593034392244
VID1797_A7,45.0,220155,529.4431527285718,0.8906595140422846,2818.56053326821,0.3482440335462073
VID1797_A7,46.0,219216,528.3128618902472,0.8959696569651243,2708.17575695736,0.3756024538512158
VID1797_A7,47.0,221487,531.0423778238014,0.9049815724313768,2543.193000900063,0.4303278615744625
VID1797_A7,48.0,220812,530.2325625157896,0.9071831194228526,2558.8204178980327,0.4237921622303932
VID1797_A7,49.0,228780,539.7145014213631,0.8967966508302366,2687.719912834644,0.3979787666723207
VID1797_A7,50.0,227571,538.286537482525,0.9067332326609,2671.033621333629,0.4008372487258748
VID1797_A7,51.0,231051,542.3866425812901,0.8894616287798587,2795.761543394987,0.371464626166733
VID1797_A7,52.0,229080,540.0682502313306,0.8889854746261938,2952.430590953299,0.3302460603398746
VID1797_A7,53.0,227943,538.7263141387909,0.8944026995742678,2871.4894654563445,0.3473934847620807
VID1797_A7,54.0,225315,535.6117698688138,0.8966369399376813,2697.447834896002,0.3891292344924913
VID1797_A7,55.0,227085,537.7114486564187,0.8869087372725462,2929.146319705837,0.332595354513469
VID1797_A7,56.0,231660,543.1009785788899,0.8998321991237065,2837.518902707868,0.3615625072385895
VID1797_A7,57.0,223740,533.7364665628959,0.8750713777270203,3160.537192671097,0.2814697238106311
VID1797_A7,58.0,224184,534.2657897497347,0.8914940151906788,2873.732106143464,0.3411315736588866
VID1797_A7,59.0,218958,528.0018790081355,0.864397746607871,3206.0285706997456,0.2676923159106167
VID1797_A7,60.0,208440,515.1641007529516,0.8571181847713899,3192.371716450253,0.25701828400458
VID1797_A7,61.0,211227,518.5967309150475,0.859170225747407,3087.460028204822,0.2784560174876161
VID1797_A7,62.0,217152,525.8198490151642,0.8778535536267974,3191.1879502661795,0.2679593593454796
VID1797_A7,63.0,214503,522.6028148262566,0.8942058770807192,3031.8031739553294,0.2932521656174003
VID1797_A7,64.0,217509,526.2518979878367,0.8630282109272706,3308.2123368838197,0.2497470355897825
VID1797_A7,65.0,216312,524.8018601346155,0.865670447178223,3188.602163828553,0.2673559192712572
VID1797_A7,66.0,216261,524.7399900750571,0.829994972309322,3666.325035256027,0.2021743903188783
VID1797_A7,67.0,212007,519.5533621878196,0.8260356274546474,3061.3889603929565,0.2842647711864016
VID1797_A7,68.0,215133,523.3697000949804,0.814894640550604,3242.4722215136417,0.257136879492511
VID1797_A7,69.0,211299,518.6851092551194,0.8372023915653342,2929.4183976444792,0.3094172317014374
VID1797_A7,70.0,232248,543.7897919101205,0.869705888961287,3227.430590953298,0.2801870279723609
VID1797_A7,71.0,223761,533.7615139455867,0.8787968046751655,3187.643794388895,0.2767290094397301
VID1797_A7,72.0,226542,537.0681827695561,0.8712115093969565,3150.4722215136417,0.2868185823892508
VID1797_A8,0.0,274110,590.7687293750029,0.972959734211722,2318.2224381515857,0.6409505632574903
VID1797_A8,1.0,246747,560.506947276095,0.954714820217372,2329.0924958366745,0.5715948048732016
VID1797_A8,2.0,258993,574.2474461498231,0.9575735391987222,2464.364573775317,0.5359052063211655
VID1797_A8,3.0,237006,549.331786390977,0.9419839986009706,2399.4356415871825,0.5173101425437533
VID1797_A8,4.0,239337,552.0265690329403,0.9108300858552032,2670.5483399593904,0.4217147777310384
VID1797_A8,5.0,249696,563.8464519372195,0.9061007649543495,2732.347329832613,0.4202905634564063
VID1797_A8,6.0,261018,576.4880219811013,0.8911688187535423,2777.4894654563445,0.4251825975768531
VID1797_A8,7.0,260922,576.3819987572375,0.9275050121571472,2483.737156777347,0.531507373725681
VID1797_A8,8.0,270627,587.0034056741433,0.9259739548761045,2580.1219330881977,0.51085838493298
VID1797_A8,9.0,280146,597.2377796986531,0.9256924205475922,2909.075251893972,0.4159914250392846
VID1797_A8,10.0,280731,597.8610295319866,0.9272945280139524,2681.2346314604056,0.4907164267963509
VID1797_A8,11.0,286827,604.3173660401897,0.9444418834376028,2539.5361466505706,0.5588832541527623
VID1797_A8,12.0,276315,593.1401055429454,0.935285038282662,2568.1219330881977,0.5264814158268732
VID1797_A8,13.0,282204,599.4274705770848,0.9261152934844676,2816.16356364854,0.4471541635482946
VID1797_A8,14.0,276708,593.561764220521,0.937904198923492,2757.033621333629,0.4574540267979445
VID1797_A8,15.0,273648,590.2706624402807,0.9395574966008816,2517.2935059634515,0.5426682732012799
VID1797_A8,16.0,259806,575.1480445584978,0.947809654447817,2397.938166904124,0.5677839085478037
VID1797_A8,17.0,252978,567.5399488564766,0.926404833836858,2585.5655839020937,0.4755339216012729
VID1797_A8,18.0,240651,553.5398537414101,0.9240773664384482,2652.7493500861674,0.429739328713157
VID1797_A8,19.0,241389,554.3879692634719,0.9274133439884432,2483.837661840736,0.4916781669568937
VID1797_A8,20.0,233811,545.6165422657868,0.9153909999921698,2820.134126397017,0.369432650179485
VID1797_A8,21.0,236145,548.3330669323938,0.9207150655021834,2572.364573775317,0.4484598617470591
VID1797_A8,22.0,229422,540.4712414478965,0.9074662996012912,2714.790980646509,0.3911759357420307
VID1797_A8,23.0,231561,542.984918960388,0.9217935805928976,2567.8498551495554,0.4413021338827865
VID1797_A8,24.0,221757,531.3659583769321,0.8841210101187296,2691.305699272272,0.3847345065039229
VID1797_A8,25.0,217890,526.7126013324008,0.8754399498577696,2703.2762620207486,0.3746849950276803
VID1797_A8,26.0,212469,520.1191525317398,0.8622300318970205,2815.8620484583757,0.336730681140671
VID1797_A8,27.0,216303,524.7909424188358,0.8537512433098091,2899.8031739553294,0.3232476417470451
VID1797_A8,28.0,222936,532.7766240602887,0.8582548940347635,2934.903679018718,0.3252388099499929
VID1797_A8,29.0,205770,511.8539841792329,0.8758779210828758,2557.021428024809,0.3954787808503378
VID1797_A8,30.0,212220,519.8142900918522,0.8572744312306101,3008.045814642449,0.2947319931497728
VID1797_A8,31.0,205788,511.8763712381728,0.8797216189873635,2753.0041840821063,0.3412056134830183
VID1797_A8,32.0,228300,539.1480205500504,0.8459471977767485,3523.1179284748405,0.231132711716555
VID1797_A8,33.0,223635,533.6112120138108,0.8521441254696347,3388.555482634327,0.2447487237739079
VID1797_A8,34.0,224361,534.476657578538,0.8650696340165641,3223.6143571373723,0.2713132903962275
VID1797_A8,35.0,219084,528.1537772455655,0.867480756438278,2849.732106143464,0.3390099577532682
VID1797_A8,36.0,218172,527.0533350183451,0.8706228825226563,3068.7798333582164,0.2911236005462339
VID1797_A8,37.0,222750,532.5543245432879,0.8771377155435497,3245.129075763134,0.2658052933751995
VID1797_A8,38.0,221829,531.4522132506895,0.8709525436106432,3041.815367264149,0.3012745775829191
VID1797_A8,39.0,216387,524.8928322682714,0.9035136432910916,2495.063058585152,0.4367953210396252
VID1797_A8,40.0,217806,526.611063575944,0.9015186321135435,2720.0336213336286,0.3699398864061672
VID1797_A8,41.0,216882,525.4928533683894,0.9093966204033712,2665.9919907732865,0.3834561369799487
VID1797_A8,42.0,214251,522.2957454345702,0.8966878159841966,2644.8204178980327,0.384893293349031
VID1797_A8,43.0,209874,516.9331448183096,0.9041187949907596,2705.347329832613,0.3603482711681114
VID1797_A8,44.0,201891,507.0065136920104,0.909566416175596,2399.0924958366745,0.4407911218089108
VID1797_A8,45.0,202266,507.4771618067186,0.8823637188525162,2638.891485709898,0.3649973288681831
VID1797_A8,46.0,203637,509.1941487990945,0.8779235448560699,2800.790980646509,0.3262159232143884
VID1797_A8,47.0,203334,508.8151821527927,0.8874757217990965,2946.252921423636,0.2943606924564345
VID1797_A8,48.0,209619,516.6190086783878,0.8992046877949176,2768.1046891454944,0.3437759467669934
VID1797_A8,49.0,217299,525.9977945119219,0.8807157621691728,2890.146319705837,0.326909793273285
VID1797_A8,50.0,213114,520.9080267539458,0.9026773574596236,2637.962553521764,0.3848438864963789
VID1797_A8,51.0,222360,532.0879111268276,0.8928937128814254,2983.702668891941,0.3138740735702455
VID1797_A8,52.0,212943,520.698999782542,0.883379311775321,2782.6610383315983,0.3455831968160938
VID1797_A8,53.0,221874,531.5061154385427,0.8864676974709337,3140.7442994522835,0.2826513842192524
VID1797_A8,54.0,215994,524.4159629774124,0.8896659952796965,2683.305699272271,0.3769738674312209
VID1797_A8,55.0,213030,520.8053573216501,0.8795042441457211,2796.9036790187174,0.3422122967038587
VID1797_A8,56.0,214641,522.7708954422578,0.8681413352100371,2779.631601080076,0.349098567045268
VID1797_A8,57.0,221136,530.6214281053442,0.8817260036921998,2667.589970519733,0.3905091028531087
VID1797_A8,58.0,222441,532.1848152384981,0.9133016090689244,2515.962553521764,0.441587078589284
VID1797_A8,59.0,223815,533.825916104586,0.8615957315758677,2846.9331162702406,0.3470120251991302
VID1797_A8,60.0,221664,531.2545251046574,0.8720508916663716,2872.4894654563445,0.337588886180218
VID1797_A8,61.0,224991,535.2265299940849,0.8682218106043066,2900.974746830583,0.3359596448531677
VID1797_A8,62.0,229152,540.1531154729666,0.8845142837291707,2795.9036790187174,0.3683741145409778
VID1797_A8,63.0,227787,538.5419353927682,0.8589156231264352,3104.2945519839777,0.29703864389517
VID1797_A8,64.0,228798,539.7357328881568,0.8457867401068333,2973.732106143464,0.3251310183519921
VID1797_A8,65.0,228219,539.052368198039,0.8681423604506965,3005.974746830583,0.3173883682612802
VID1797_A8,66.0,229062,540.0470318371595,0.8850585371508056,2842.17575695736,0.3563371079753401
VID1797_A8,67.0,233808,545.6130418853996,0.858770508963891,3293.7442994522835,0.2708254473195924
VID1797_A8,68.0,244095,557.486687439377,0.8635090102519475,3244.0285706997456,0.2914737218889285
VID1797_A8,69.0,235551,547.6429932007825,0.8577499408262477,3238.3300858899106,0.2822621121054121
VID1797_A8,70.0,242103,555.207270754821,0.825656066160798,3423.312841947208,0.2596072737486201
VID1797_A8,71.0,243483,556.7873777940298,0.8288839413374729,3364.655987697716,0.2702695842578252
VID1797_A8,72.0,236952,549.2692023080178,0.8612709409382849,3025.9158723275377,0.3252044980459339
VID1797_F1,0.0,280989,598.1356923270744,0.9658800680611176,2512.5006127446377,0.5593541055373141
VID1797_F1,1.0,267261,583.3414728659915,0.9551756056940062,2496.021428024809,0.5390745565360171
VID1797_F1,2.0,254085,568.7803352121396,0.9712246715568416,2323.4234482783627,0.5914692284342511
VID1797_F1,3.0,255234,570.0649278467624,0.956258500088045,2351.879292401078,0.5798535684545325
VID1797_F1,4.0,258414,573.6051984712067,0.9631495969079504,2366.808224589213,0.579695278383999
VID1797_F1,5.0,247704,561.5928491256622,0.9641514281043462,2239.724963468528,0.6205167406527123
VID1797_F1,6.0,251835,566.2563736933826,0.9324666572865214,2450.9209229614207,0.5268261860628664
VID1797_F1,7.0,260898,576.3554899038566,0.9426833983111782,2441.193000900063,0.5501440010723585
VID1797_F1,8.0,238593,551.1678897550153,0.93455202074406,2397.6366517139586,0.521555853806433
VID1797_F1,9.0,245145,558.6844442027194,0.940535749911757,2454.737156777347,0.5112377453281104
VID1797_F1,10.0,243486,556.7908079246512,0.93880635571818,2488.092495836675,0.494254709722554
VID1797_F1,11.0,244380,557.8120471470467,0.9303511944418008,2544.962553521764,0.4741466990869469
VID1797_F1,12.0,257553,572.6488142528327,0.9422958017012714,2427.5361466505706,0.5492183842995471
VID1797_F1,13.0,246285,559.9819651337885,0.9477129213115636,2332.2224381515857,0.5689942625811184
VID1797_F1,14.0,262413,578.0264774667232,0.9469906388261362,2410.648845022779,0.5674496156179033
VID1797_F1,15.0,255795,570.6910804853453,0.9279062934171052,2511.134126397017,0.5097557048424598
VID1797_F1,16.0,252252,566.7249964828923,0.9508788727509868,2376.1280297426074,0.5614418829257806
VID1797_F1,17.0,256728,571.7309173385403,0.9500105462982492,2385.5361466505706,0.5669060586566076
VID1797_F1,18.0,249141,563.2194718001706,0.9447966992544502,2374.808224589213,0.5551341936369758
VID1797_F1,19.0,247464,561.320719997349,0.9347223376368292,2428.5361466505706,0.5272696195499756
VID1797_F1,20.0,252750,567.2841395031351,0.9341701132092208,2413.636651713959,0.545201753671326
VID1797_F1,21.0,253329,567.933535396717,0.9312744463723788,2493.2640687119283,0.5121040567163474
VID1797_F1,22.0,254841,569.6258761852849,0.929910344500436,2479.6782822743016,0.5208210009549681
VID1797_F1,23.0,239595,552.3240251164359,0.9325955969359158,2454.8498551495554,0.4996176189407715
VID1797_F1,24.0,247920,561.8376526459771,0.9263120138094918,2490.335136523794,0.5023493387762126
VID1797_F1,25.0,254667,569.431378779805,0.9255603327651564,2568.050865276332,0.4852608931860219
VID1797_F1,26.0,248967,563.0227612930753,0.9306238248849648,2543.335136523794,0.4836647847641428
VID1797_F1,27.0,234462,546.3755943832921,0.9360433085012096,2367.4356415871825,0.5256854613477686
VID1797_F1,28.0,249690,563.8396775014355,0.9281017570335238,2555.9331162702406,0.4802993991765898
VID1797_F1,29.0,247176,560.9939907962104,0.9144844426356876,2575.376767084136,0.4683112781195759
VID1797_F1,30.0,228180,539.0063073078732,0.9344783949479684,2424.2224381515857,0.4879131312703429
VID1797_F1,31.0,234018,545.8580143039335,0.9286981367938568,2611.134126397017,0.4313211611805163
VID1797_F1,32.0,241797,554.8562896807858,0.9373066635655308,2709.761543394987,0.4138077519981077
VID1797_F1,33.0,248235,562.1944666993203,0.9274716324113478,2685.447834896002,0.4325531090015952
VID1797_F1,34.0,244947,558.4587780349091,0.9402089634736148,2512.205194208883,0.4877213535049786
VID1797_F1,35.0,243138,556.392771724991,0.9248729496972096,2606.891485709898,0.4495901592631117
VID1797_F1,36.0,236379,548.6046758321999,0.923622453365426,2769.075251893972,0.3873907429305914
VID1797_F1,37.0,226056,536.4917879377576,0.9159889622308937,2826.045814642449,0.3556866018421897
VID1797_F1,38.0,230607,541.8652523393077,0.9210979345824628,2708.092495836675,0.3951439733476174
VID1797_F1,39.0,223497,533.4465470219811,0.903021830391234,2724.9036790187174,0.3782502741416265
VID1797_F1,40.0,222207,531.904821859105,0.9270019398844412,2667.8620484583757,0.3923203735038116
VID1797_F1,41.0,219819,529.0389810629636,0.9211168099763664,2499.435641587182,0.4421719357608265
VID1797_F1,42.0,222114,531.7935015015753,0.939958189097003,2497.2935059634515,0.4475552146951361
VID1797_F1,43.0,230985,542.3091703453405,0.9309706906558328,2702.9919907732865,0.397286789634386
VID1797_F1,44.0,217746,526.538524618952,0.9184649648214076,2635.9625535217638,0.3938053183645385
VID1797_F1,45.0,211104,518.4457163983244,0.9041321181388337,3037.8742417671947,0.2874529324227853
VID1797_F1,46.0,210864,518.1509272027171,0.9183332171974078,2773.276262020748,0.3445292002675717
VID1797_F1,47.0,216429,524.9437697768082,0.9267955327932031,2777.719912834644,0.3524913081375683
VID1797_F1,48.0,206862,513.2103649606127,0.9101836981630184,2862.631601080076,0.3172193426483548
VID1797_F1,49.0,196302,499.9394654461697,0.8980333133569086,3127.016377390926,0.2522750359708703
VID1797_F1,50.0,187254,488.28188345446335,0.8759068775346964,3208.543289325507,0.2285731226108568
VID1797_F1,51.0,197058,500.901225998122,0.8944050326112117,3116.886435076015,0.2548953876485719
VID1797_F1,52.0,173391,469.8598492116288,0.8482718133118075,3342.371716450253,0.1950414514246517
VID1797_F1,53.0,196089,499.6681589691036,0.8971779174787932,3017.5016587651644,0.270625091634437
VID1797_F1,54.0,178341,476.5194787704,0.875082802172729,3419.2712113868647,0.191687574469006
VID1797_F1,55.0,197253,501.1489997172947,0.9103130321615972,3022.732106143464,0.2712902359221214
VID1797_F1,56.0,196602,500.32133771609466,0.905778772926428,2739.820417898032,0.3291194888731008
VID1797_F1,57.0,182391,481.8998171858867,0.8628950991384816,3161.673231640418,0.2292869323666281
VID1797_F1,58.0,182826,482.47413713664577,0.8767750010790281,2969.903679018718,0.2604732284011559
VID1797_F1,59.0,178167,476.2869617854658,0.8457521800428176,3589.484414822461,0.1737692742767252
VID1797_F1,60.0,179226,477.7003565465535,0.8606993127890392,3421.070201260088,0.1924362583296657
VID1797_F1,61.0,175155,472.2438696882019,0.8553868543271133,3243.8986283848344,0.2091692576742661
VID1797_F1,62.0,154398,443.3797911813524,0.8280045047460718,3249.105735166021,0.1837908324776745
VID1797_F1,63.0,145629,430.6049252623999,0.7817495678687609,3798.987986159929,0.1268007700659919
VID1797_F1,64.0,143349,427.2208041496117,0.7850094190835013,3310.401153701776,0.164377844924315
VID1797_F1,65.0,145266,430.06791987487065,0.8007607077889862,3194.815367264149,0.17884726890321
VID1797_F1,66.0,157629,447.99495108433865,0.8170311358064366,3025.702668891941,0.2163682277049255
VID1797_F1,67.0,143970,428.145182450441,0.7836637382017702,3472.6204537917824,0.1500262420183806
VID1797_F1,68.0,138801,420.3890127593552,0.7836153311992954,3100.158513014657,0.1814824605229695
VID1797_F1,69.0,155310,444.68734375156,0.8090326613533365,3078.7442994522835,0.2059027003494555
VID1797_F1,70.0,133599,412.43609194282817,0.7784809020190543,3121.7442994522835,0.1722734760442574
VID1797_F1,71.0,141294,424.1475076359757,0.7471998646204614,3131.0285706997456,0.1811171280184456
VID1797_F1,72.0,133056,411.597085587692,0.7775777834919002,3242.928065636357,0.1589899587798353
VID1797_F10,0.0,3066,62.48001635849665,0.8800229621125144,275.25483399593907,0.5085247618042293
VID1797_F10,1.0,274785,591.4956705674621,0.9337377032468526,2746.732106143464,0.4576887924244342
VID1797_F10,2.0,302523,620.6321348366645,0.9796665824703208,2457.3940110268395,0.6295332475818249
VID1797_F10,3.0,297231,615.1798624151941,0.968084551998176,2527.494516090228,0.5846871143070274
VID1797_F10,4.0,281931,599.1374617620978,0.9554456787696812,2540.1219330881977,0.5490900409373953
VID1797_F10,5.0,288813,606.4059140819758,0.9449079345137608,2560.7077195258244,0.5534859236922205
VID1797_F10,6.0,261669,577.2064781612428,0.9269674265370104,2877.868145112785,0.3970272856552031
VID1797_F10,7.0,266679,582.7059709239545,0.929480119339728,2615.193000900063,0.4899944843838215
VID1797_F10,8.0,262986,578.6572171084722,0.9166788664644986,2825.288455329568,0.414015789032205
VID1797_F10,9.0,239115,551.7704900947027,0.9566704675028508,2326.796031280393,0.5550090389045486
VID1797_F10,10.0,247851,561.7594631175828,0.9050281165559044,2826.619407771256,0.3898215701636093
VID1797_F10,11.0,249654,563.7990291773411,0.910335321830195,2905.3889603929565,0.371654870698552
VID1797_F10,12.0,261264,576.7596175320249,0.902640925360346,2888.353426487024,0.3935398978860328
VID1797_F10,13.0,257367,572.4419987298753,0.8701827821018251,3347.95750288788,0.2885378895510076
VID1797_F10,14.0,254997,569.8001967258631,0.8947639900627394,2999.3300858899106,0.3562020440381894
VID1797_F10,15.0,265734,581.6726202776384,0.858630115740292,3480.0285706997456,0.2757346659236597
VID1797_F10,16.0,244875,558.3766949981195,0.869519673603886,3228.986940139403,0.295135693575244
VID1797_F10,17.0,228096,538.907085865376,0.9316353120890072,2533.5361466505706,0.4465533210901856
VID1797_F10,18.0,226614,537.1535219940516,0.8845475268548588,2783.3178925810907,0.3675961699379417
VID1797_F10,19.0,242121,555.2279097909455,0.9121118398499158,2710.648845022779,0.4140910111184273
VID1797_F10,20.0,237168,549.5194958741218,0.9018206153892954,2709.376767084136,0.4060010441293981
VID1797_F10,21.0,229494,540.556043421449,0.9200737681914766,2569.577777210913,0.4367748913314167
VID1797_F10,22.0,231468,542.8758706562289,0.919640515864502,2483.092495836675,0.4717533884955232
VID1797_F10,23.0,240939,553.8709801650068,0.8796668832923205,2966.974746830583,0.3439452117566136
VID1797_F10,24.0,238416,550.9634101259162,0.8923990223197075,2904.1879502661795,0.3552187020621249
VID1797_F10,25.0,241191,554.160553480865,0.9226046575677826,2695.17575695736,0.4172504167507965
VID1797_F10,26.0,228876,539.8277262616335,0.9273969383372368,2556.962553521764,0.4399075169777206
VID1797_F10,27.0,237213,549.571626019086,0.8972731502320602,2700.004184082106,0.4089022268562655
VID1797_F10,28.0,228234,539.0700828770645,0.9328924349688538,2416.908729652601,0.4909866740792437
VID1797_F10,29.0,226152,536.6056927772445,0.9366993186571956,2380.3940110268395,0.5015481109387686
VID1797_F10,30.0,234417,546.3231592731381,0.9240184001923584,2560.004184082106,0.449487498649941
VID1797_F10,31.0,242823,556.0322346512173,0.90119690474865,2914.1879502661795,0.359306081638839
VID1797_F10,32.0,235008,547.0114065804488,0.9149442292343928,2614.447834896002,0.4320485467438456
VID1797_F10,33.0,230583,541.8370547901537,0.9452757325812112,2286.636651713959,0.5541697665032671
VID1797_F10,34.0,232395,543.9618589558721,0.8957355287805555,2854.874241767195,0.3583130944326955
VID1797_F10,35.0,219396,528.5297183287953,0.9270945577627626,2401.77269068328,0.4779415245604035
VID1797_F10,36.0,218187,527.0714529806476,0.9157747613891056,2593.820417898032,0.4075293818699588
VID1797_F10,37.0,223317,533.2316901794401,0.8954205911010068,2672.7077195258244,0.3928517688778493
VID1797_F10,38.0,210291,517.4464388725678,0.8816012878721183,2752.1635636485403,0.348884815861622
VID1797_F10,39.0,206253,512.4543646221208,0.880174282641722,2596.719912834644,0.3843792380630346
VID1797_F10,40.0,208614,515.3790783349488,0.8584443694601958,2691.719912834644,0.3618208418036877
VID1797_F10,41.0,203967,509.6065641463,0.8491654766712323,2763.9209229614207,0.3355201020490129
VID1797_F10,42.0,211992,519.5349820440358,0.8762208655900867,2757.483368801935,0.3503511381236402
VID1797_F10,43.0,201843,506.9462391891072,0.8437723386911355,2849.619407771256,0.3123559884470891
VID1797_F10,44.0,213495,521.3734521465718,0.8577299955405031,2908.4183976444792,0.3171639413156692
VID1797_F10,45.0,211422,518.8360540931958,0.8403133557764538,3020.0813485483814,0.2912881105079952
VID1797_F10,46.0,216525,525.0601798115918,0.839205153248686,3074.4183976444792,0.2878670588650499
VID1797_F10,47.0,211926,519.4541016851673,0.8559968979473136,3019.56053326821,0.2920832312202409
VID1797_F10,48.0,215412,523.7089619344803,0.8417095833886887,3476.9696961967,0.223912297344759
VID1797_F10,49.0,211947,519.4798377107464,0.8075832742735648,3387.241774135342,0.2321372013185093
VID1797_F10,50.0,210789,518.0587711786957,0.8441081539977094,2932.447834896002,0.3080329798144201
VID1797_F10,51.0,207534,514.0432819102563,0.8336808108075537,2936.004184082106,0.3025420744664598
VID1797_F10,52.0,220896,530.3334068996771,0.8156200153600757,3548.798123321446,0.2204119445722153
VID1797_F10,53.0,228966,539.933852985559,0.8289022112168208,3442.7270555095806,0.2427591879390083
VID1797_F10,54.0,217635,526.4043011967485,0.8037366265478489,3566.413347010596,0.2150182143519817
VID1797_F10,55.0,220353,529.6811809013299,0.8131407062991254,3619.526045382804,0.2113612747037606
VID1797_F10,56.0,219855,529.0822999380619,0.8085490579707479,3559.1828996322965,0.2180949445050148
VID1797_F10,57.0,220026,529.288016178242,0.8144646638139094,3375.928065636357,0.2426037442634123
VID1797_F10,58.0,228639,539.5481593599434,0.7699190140252218,3855.851947190608,0.1932499881807816
VID1797_F10,59.0,227751,538.4993774861565,0.8106864196827748,3437.9280656363576,0.2421456021552724
VID1797_F10,60.0,228618,539.5233806224373,0.8027486534126421,3652.5910165402593,0.215336768717112
VID1797_F10,61.0,232281,543.8284239451156,0.8147923389925635,3915.508801440101,0.1903913187483376
VID1797_F10,62.0,227892,538.6660434153853,0.832619060667507,3297.856997824492,0.2633148208198971
VID1797_F10,63.0,224049,534.1049023912517,0.8075118216942506,3502.1707063234767,0.2295505045730253
VID1797_F10,64.0,210435,517.6235732618289,0.8681526770464616,2877.6610383315983,0.3193365027559964
VID1797_F10,65.0,215997,524.4196048434507,0.8526040309783767,3003.3595231414333,0.3009143760545927
VID1797_F10,66.0,220455,529.8037597399534,0.8370320870842937,3135.3656197958435,0.2818080751210681
VID1797_F10,67.0,229620,540.7044148720149,0.8204171758098056,3534.798123321446,0.2309353118774182
VID1797_F10,68.0,229965,541.1104618329068,0.8314051439272879,3868.467170879758,0.1931051140421383
VID1797_F10,69.0,221469,531.020798776236,0.8517776376111504,3227.2001435749994,0.2672212605417579
VID1797_F10,70.0,229968,541.1139913397693,0.8302123834382074,3403.8336572273784,0.2494253645731485
VID1797_F10,71.0,222615,532.3929199859989,0.8582945533197877,3028.004184082106,0.3051064201402597
VID1797_F10,72.0,227772,538.5242033404046,0.8307207516065737,3598.283404695685,0.2210647347761795
VID1797_F11,0.0,3594,67.64630753986631,0.9589114194236926,247.94112549695427,0.73466745283831
VID1797_F11,1.0,282405,599.6409039007709,0.9322358409285222,2892.288455329568,0.4242277147502536
VID1797_F11,2.0,289956,607.6046785807602,0.97590166803538,2385.4356415871825,0.6403339909476575
VID1797_F11,3.0,306897,625.1027088091902,0.966260826855324,2585.3767670841366,0.576972114038283
VID1797_F11,4.0,291108,608.8104938228017,0.9434099231940888,2794.4183976444792,0.4684693054207892
VID1797_F11,5.0,278031,594.9790448933995,0.910911038814244,3144.685424949238,0.353304094169051
VID1797_F11,6.0,255528,570.3931577316532,0.9069027076331192,2950.347329832613,0.3688944039594329
VID1797_F11,7.0,258318,573.4986422973448,0.8714829359135258,3341.3422791987305,0.2907519268482976
VID1797_F11,8.0,257421,572.5020496428552,0.8937143055531446,3027.288455329568,0.3529768537349512
VID1797_F11,9.0,250674,564.9495992006209,0.9448485899301184,2459.364573775317,0.5208028226281263
VID1797_F11,10.0,232761,544.3900345084406,0.9452338505646768,2417.0092347159894,0.5006837068791471
VID1797_F11,11.0,248745,562.7716859927727,0.8926405466120246,2998.395057047366,0.3476854505297103
VID1797_F11,12.0,245937,559.5861988233196,0.8897897604549944,2916.803173955329,0.3632615965350005
VID1797_F11,13.0,232092,543.6071305793122,0.9164866668509444,2493.879292401078,0.4689420490300451
VID1797_F11,14.0,238800,551.406930753284,0.9223068485531988,2578.7077195258244,0.4512736189309757
VID1797_F11,15.0,232461,544.039095845768,0.9143907955551184,2554.092495836675,0.4478027162654038
VID1797_F11,16.0,238125,550.6270667067326,0.8965718481146105,2866.9036790187174,0.3640731514791893
VID1797_F11,17.0,240231,553.0566056664298,0.9036846163973894,2681.648845022779,0.4197929087893636
VID1797_F11,18.0,247173,560.9905863656041,0.8702110281018737,2901.9036790187174,0.3688458543764598
VID1797_F11,19.0,241905,554.9801906997758,0.91773556559644,2538.9503602129435,0.4715701308322625
VID1797_F11,20.0,236406,548.6360066680467,0.8950365350395638,2747.690475583121,0.393489132270873
VID1797_F11,21.0,231939,543.427922328554,0.9045242004360016,2699.205194208883,0.4000477594921001
VID1797_F11,22.0,238650,551.2337229805943,0.8997308159218235,2811.252921423635,0.3794647713687575
VID1797_F11,23.0,236343,548.5628986008282,0.8955812640441987,2684.2640687119283,0.4121944424141258
VID1797_F11,24.0,232350,543.9091911516251,0.9217677629229976,2553.086399182265,0.4479417235943538
VID1797_F11,25.0,232725,544.347933814845,0.926833056547868,2535.435641587182,0.4549332932519258
VID1797_F11,26.0,232008,543.5087490509381,0.9186034541466388,2609.305699272272,0.4282160081112187
VID1797_F11,27.0,222495,532.2494081780177,0.8863636363636364,2734.341233178204,0.3739596087007656
VID1797_F11,28.0,234294,546.1798109543964,0.9089300885676712,2582.364573775317,0.441505299173041
VID1797_F11,29.0,227253,537.9103143273048,0.9055924827850038,2610.364573775317,0.4190995122901157
VID1797_F11,30.0,219867,529.0967387749484,0.902073973783002,2354.0803025278547,0.4985714066120508
VID1797_F11,31.0,212658,520.3504349035275,0.9123663571931148,2345.5239533417507,0.4857489205695526
VID1797_F11,32.0,227556,538.2687970166529,0.9022946347498186,2528.050865276332,0.4474314829361678
VID1797_F11,33.0,223545,533.503827566234,0.9129539857632352,2552.447834896002,0.4311824485692425
VID1797_F11,34.0,227022,537.6368550656346,0.8877513911319493,2823.2823586751583,0.3579061660164503
VID1797_F11,35.0,226083,536.5238261180576,0.8938277364413414,2573.1280297426074,0.4290965077681953
VID1797_F11,36.0,211761,519.2518456709257,0.9286541244573082,2326.251875403109,0.4917477377604067
VID1797_F11,37.0,214932,523.1251492989206,0.8963604592485706,2559.9209229614207,0.412152410321577
VID1797_F11,38.0,217779,526.5784222818847,0.9215116279069768,2352.666088965482,0.494430528103937
VID1797_F11,39.0,218457,527.3974698689874,0.8995738022195228,2741.063058585152,0.3653741146550623
VID1797_F11,40.0,217899,526.7234792167967,0.8970027046052388,2595.636651713959,0.4064220903237215
VID1797_F11,41.0,218502,527.4517864257572,0.8905145782219215,2757.5483399593904,0.3610929520467639
VID1797_F11,42.0,211725,519.2077066156205,0.9133754664480922,2491.0803025278547,0.4287523862776951
VID1797_F11,43.0,210246,517.3910719391947,0.8809731324271324,2597.879292401078,0.3914710670193116
VID1797_F11,44.0,211866,519.3805631565932,0.8647803619680482,2595.9209229614207,0.3950828824145067
VID1797_F11,45.0,203721,509.2991589360737,0.8900194412285108,2528.648845022779,0.4003765359533945
VID1797_F11,46.0,204795,510.639885402656,0.9151990204271332,2323.7077195258244,0.4766133598563598
VID1797_F11,47.0,202959,508.3457728356792,0.8683369485695216,2628.690475583121,0.3690959461293456
VID1797_F11,48.0,198738,503.03188829494377,0.9104936433398236,2291.352380466497,0.475671369935865
VID1797_F11,49.0,198957,503.3089708140257,0.8715022865453016,2495.9209229614207,0.4013353776275744
VID1797_F11,50.0,199086,503.47211243836,0.8845789845509924,2463.7077195258244,0.4121660501580484
VID1797_F11,51.0,194232,497.2965546361649,0.8922125706831054,2425.050865276332,0.4150390319703091
VID1797_F11,52.0,195435,498.8342113621685,0.8841492379310812,2422.506709399048,0.4184872491560136
VID1797_F11,53.0,196800,500.57321382978535,0.863142751881546,2551.335136523794,0.379926807143982
VID1797_F11,54.0,207321,513.7794231516465,0.8279890251646425,3100.2590180780453,0.2710548609446205
VID1797_F11,55.0,198888,503.221687304201,0.8566702847986768,2750.246824769225,0.330426675363286
VID1797_F11,56.0,198258,502.42404964343007,0.8807747839800973,2514.790980646509,0.3939460920534138
VID1797_F11,57.0,213840,521.7945421774428,0.793872952112948,3595.111831820431,0.2079093406076555
VID1797_F11,58.0,205464,511.4732542562372,0.851374869474417,2929.5605332682103,0.3008435122828575
VID1797_F11,59.0,201831,506.9311694435869,0.8753605211455139,2612.40620433566,0.3716347557362126
VID1797_F11,60.0,213567,521.4613598824504,0.8148333263385209,3142.146319705837,0.2718261295478706
VID1797_F11,61.0,217788,526.5893029380502,0.8061594269956136,3329.631601080076,0.246860407339974
VID1797_F11,62.0,217683,526.4623479571777,0.8449442999650661,3155.401153701776,0.274742102926357
VID1797_F11,63.0,212298,519.9098083977505,0.8447990449661759,3073.7737367038067,0.2823657231151061
VID1797_F11,64.0,217581,526.3389909393198,0.8048539595170454,3188.9158723275377,0.2688714616756908
VID1797_F11,65.0,220818,530.2397663221132,0.7783915258120803,3663.691521603648,0.2067314435221579
VID1797_F11,66.0,231069,542.407769452475,0.7853132498181744,3670.396103067893,0.2155389081959595
VID1797_F11,67.0,222138,531.8222315665072,0.7955291817227906,3485.111831820431,0.2298260666757776
VID1797_F11,68.0,223431,533.3677762292376,0.8174314846725422,3213.3006486383874,0.2719258970579525
VID1797_F11,69.0,223446,533.3856797036204,0.8043788946206986,3475.5849198858496,0.2324484422909555
VID1797_F11,70.0,222072,531.7432201527604,0.8219835212424954,3029.9036790187174,0.3039807085749515
VID1797_F11,71.0,227334,538.0061697256115,0.7866337250342565,3518.827560572969,0.2307163050734606
VID1797_F11,72.0,223344,533.2639242245158,0.8376960208838896,2974.347329832613,0.3172493858513018
VID1797_F12,0.0,35655,213.0665529066733,0.6312742338131407,1675.3279938488577,0.1596359179948022
VID1797_F12,1.0,252975,567.5365836925209,0.7339799571754356,5712.523086789974,0.0974162779334754
VID1797_F12,2.0,345090,662.8591362368458,0.9313265107843772,3341.283404695685,0.3884325457714385
VID1797_F12,3.0,397113,711.0695994967122,0.8940744459779224,4186.248916810278,0.2847566480889973
VID1797_F12,4.0,396837,710.8224540727929,0.903794078058846,4290.4915574973975,0.2708993221611891
VID1797_F12,5.0,359427,676.4884846363058,0.9054648787136008,4481.462120245875,0.2248956743432633
VID1797_F12,6.0,302190,620.2904626249857,0.8769654019606136,3803.12402512925,0.2625481579002494
VID1797_F12,7.0,286068,603.5172657706642,0.8633148237566393,4032.2661607529817,0.2210959367806616
VID1797_F12,8.0,268578,584.7769920626841,0.8883339562544031,3417.5138520739843,0.2889746406811946
VID1797_F12,9.0,271533,587.9851641840744,0.8215426787205461,4134.343325219257,0.1996270572350152
VID1797_F12,10.0,294069,611.8989129592604,0.883169654923867,3487.070201260088,0.3039049175018787
VID1797_F12,11.0,223407,533.3391294201547,0.8617268712271702,3287.016377390926,0.2598381436534644
VID1797_F12,12.0,247347,561.1880092015583,0.8112743409853487,3741.839753881789,0.2219965074291624
VID1797_F12,13.0,269427,585.7005299804335,0.8937167460559662,3196.602163828553,0.3313399491044193
VID1797_F12,14.0,215502,523.8183543648667,0.8596011168727563,3226.2001435749994,0.2601827841777473
VID1797_F12,15.0,191211,493.414031608704,0.8584377511302264,2905.903679018718,0.2845511251626496
VID1797_F12,16.0,197865,501.9258336836459,0.8340604727038203,3498.442784262119,0.2031558311163724
VID1797_F12,17.0,229347,540.3828919075579,0.8989663809221434,2826.832611206852,0.3606639560248688
VID1797_F12,18.0,223581,533.5467839387961,0.8976597034580501,2603.2346314604056,0.4145893407069378
VID1797_F12,19.0,229011,539.9869085258867,0.8964055472704001,2735.276262020748,0.3846482971946196
VID1797_F12,20.0,204225,509.92876563647457,0.8939279867634313,2688.583873865323,0.3550353443581041
VID1797_F12,21.0,216561,525.1038269212971,0.8974947678153298,2717.5249993622774,0.3685046871864522
VID1797_F12,22.0,27036,185.5351835406424,0.7844707520891365,961.906637611548,0.3671862912525906
VID1797_F12,23.0,185229,485.6345206343444,0.8417969460098164,3288.383909759073,0.2152552819943461
VID1797_F12,24.0,224214,534.3015359169855,0.9002770528006424,2579.16356364854,0.4235598843154419
VID1797_F12,25.0,223101,532.9737476367476,0.9039675529371723,2569.790980646509,0.4245372280399036
VID1797_F12,26.0,201027,505.9204739477101,0.8679959758030044,2719.8204178980327,0.3414945649891622
VID1797_F12,27.0,199854,504.4422821032167,0.8716515033888399,2735.335136523794,0.3356615691843869
VID1797_F12,28.0,203448,508.957796774231,0.8891141984345843,2446.77878733769,0.4270452302880998
VID1797_F12,29.0,207639,514.1733033027526,0.8774393387479822,2790.063058585152,0.3351897694627848
VID1797_F12,30.0,212754,520.4678723039347,0.8825147152154705,2916.0458146424485,0.3144118543981464
VID1797_F12,31.0,219738,528.9415006227202,0.8923660464096296,2777.447834896002,0.3579506946432385
VID1797_F12,32.0,167208,461.4063694793096,0.7824243700428161,3482.2001435749994,0.1732843964725403
VID1797_F12,33.0,169557,464.6360699371713,0.7915272039773125,3585.2001435749994,0.165767267123893
VID1797_F12,34.0,182715,482.32765151532135,0.824325299791567,3295.886435076015,0.2113681704611001
VID1797_F12,35.0,184359,484.49269264647313,0.816893607405077,3373.229580826522,0.2036021723967041
VID1797_F12,36.0,201969,507.1044444792572,0.8664330084425835,3256.57882323144,0.2393158099067578
VID1797_F12,37.0,193941,496.9238880809437,0.8574213828136398,3165.9453095790604,0.2431491064713786
VID1797_F12,38.0,183321,483.1268431586003,0.7651605901871987,3785.5676759431462,0.1607533575020973
VID1797_F12,39.0,215808,524.1901178677504,0.8477853509064839,3015.116882454314,0.2983108840099525
VID1797_F12,40.0,226353,536.8441027611632,0.8597751357921526,2988.3889603929565,0.3185091199456897
VID1797_F12,41.0,206124,512.2940834315683,0.8409414510160703,3192.543289325507,0.2541352077477964
VID1797_F12,42.0,211488,518.917030783294,0.8758209993622502,2798.625504425666,0.3393173127868414
VID1797_F12,43.0,225066,535.3157305510124,0.8745011948011578,2650.790980646509,0.4025026907968502
VID1797_F12,44.0,216480,525.0056158216481,0.8319466275186485,2987.8031739553294,0.3047359382966954
VID1797_F12,45.0,203076,508.49227505109445,0.8601525669969038,2768.4183976444792,0.3329699271625645
VID1797_F12,46.0,214830,523.001005157213,0.8347548347237495,3071.0813485483814,0.2862346141989031
VID1797_F12,47.0,227163,537.8037882914863,0.8521381949133469,2915.531096016687,0.335824288968831
VID1797_F12,48.0,224154,534.230041190652,0.8284143069383773,3059.531096016687,0.3009169242099145
VID1797_F12,49.0,212904,520.6513152122974,0.8545865428228522,2793.0041840821063,0.3429655609774644
VID1797_F12,50.0,229047,540.0293492051658,0.8163078381547387,3702.35447250755,0.2099802644011305
VID1797_F12,51.0,229653,540.7432673340135,0.8170727368465994,3486.9696961967,0.2373480351586865
VID1797_F12,52.0,223593,533.5611019611242,0.8127285416227454,3343.6437943888955,0.2513205822734434
VID1797_F12,53.0,223710,533.7006825484705,0.8244121213014589,3542.526045382804,0.2240109036234526
VID1797_F12,54.0,222291,532.0053492576217,0.832254441303656,3327.7148622007608,0.2522548534199286
VID1797_F12,55.0,220269,529.5802123184642,0.8324980724749421,3332.815367264149,0.2491958089639799
VID1797_F12,56.0,222261,531.9694487960583,0.8260279776416721,3362.6143571373723,0.2470125403871452
VID1797_F12,57.0,213252,521.0766540480037,0.8396905085346406,3173.3300858899106,0.266116913964156
VID1797_F12,58.0,211443,518.8618207745074,0.8101636856866983,3624.869191133312,0.2022173887544015
VID1797_F12,59.0,238599,551.1748199385247,0.854299442876989,3357.6143571373723,0.265960326039324
VID1797_F12,60.0,222270,531.9802191889137,0.8233594487970217,3489.0996385116114,0.2294372718052539
VID1797_F12,61.0,231282,542.6577083073988,0.8161780274691924,3501.7209588551705,0.2370219829289482
VID1797_F12,62.0,230391,541.6114215478464,0.8343842011292151,3447.869191133312,0.2435419686631346
VID1797_F12,63.0,220044,529.3096658683876,0.8377362800525384,3278.4427842621185,0.2572670565179271
VID1797_F12,64.0,233190,544.8914840927436,0.8301442134829461,3593.810316630266,0.2268869329176607
VID1797_F12,65.0,227085,537.7114486564187,0.8053573455143846,3815.165655689593,0.196052106172009
VID1797_F12,66.0,235224,547.2627327625954,0.8595923200046776,3243.413347010596,0.2809874323937588
VID1797_F12,67.0,245079,558.6092322761493,0.8491172027661904,3727.709811566877,0.2216316450878319
VID1797_F12,68.0,236622,548.8865889729168,0.8604999599973816,3158.442784262119,0.2980704730926452
VID1797_F12,69.0,230445,541.6748903969009,0.8369713654787675,3635.839753881789,0.2190623215698306
VID1797_F12,70.0,224163,534.2407660095477,0.8520133182312294,3133.7026688919414,0.286852222606809
VID1797_F12,71.0,229521,540.5878407318826,0.8123889482737872,3847.052957317385,0.1948838999641924
VID1797_F12,72.0,233439,545.1823237077956,0.8564054589478318,3503.4549775709384,0.2389957601671493
VID1797_F2,0.0,255216,570.0448259997886,0.9668920838779336,2353.316846560564,0.5791045192933337
VID1797_F2,1.0,224619,534.783875316812,0.9484558283296598,2267.322943214974,0.5490723675064371
VID1797_F2,2.0,222525,532.2852897574684,0.9651458833020328,2229.8670990922583,0.5623810966842107
VID1797_F2,3.0,235758,547.8835721096888,0.9472377355458236,2392.193000900063,0.5177068029305858
VID1797_F2,4.0,243594,556.9142785565991,0.9544583628833504,2302.322943214974,0.577489335080142
VID1797_F2,5.0,236958,549.2761564471507,0.9627116715961908,2357.601117808026,0.5357233576620974
VID1797_F2,6.0,214938,523.1324509780352,0.9260417743770034,2314.050865276332,0.5044025407662442
VID1797_F2,7.0,214527,522.6320501207329,0.9424869737894191,2281.494516090228,0.5179084121271846
VID1797_F2,8.0,218967,528.0127303314044,0.945853599536937,2189.3107499061543,0.5740817134170872
VID1797_F2,9.0,219780,528.9920482785107,0.9504,2193.553390593274,0.5739864154636263
VID1797_F2,10.0,209730,516.7557737629118,0.9526080558129394,2152.3523804664974,0.5689101353142569
VID1797_F2,11.0,224226,534.3158337142805,0.921705244725062,2386.2640687119283,0.4948331995654784
VID1797_F2,12.0,212604,520.284364716906,0.9365732460506956,2317.435641587182,0.4974688952193538
VID1797_F2,13.0,219747,528.9523326698899,0.932708265245054,2322.063058585152,0.5121354043636859
VID1797_F2,14.0,223518,533.4716080168786,0.9287515841522448,2364.4772721475247,0.5024028323699291
VID1797_F2,15.0,223293,533.2030360590127,0.920909803274632,2516.335136523794,0.443147199305346
VID1797_F2,16.0,228081,538.8893658282195,0.9188034015879986,2354.222438151586,0.5171350608044761
VID1797_F2,17.0,227895,538.6695889387296,0.9390761496621064,2360.8498551495554,0.5138163566726193
VID1797_F2,18.0,228516,539.4030105632527,0.9289268292682928,2386.40620433566,0.5042405160163528
VID1797_F2,19.0,233316,545.0386753427955,0.9133815112628308,2496.4356415871825,0.4704501783375022
VID1797_F2,20.0,227700,538.4390813603676,0.8956668135187866,2521.2346314604056,0.4501387149509594
VID1797_F2,21.0,225618,535.9717899330691,0.922429688745702,2512.9919907732865,0.4489535398949973
VID1797_F2,22.0,237888,550.3529856537151,0.9256126316117134,2529.820417898032,0.4670926272731505
VID1797_F2,23.0,228777,539.7109627623626,0.9106059641134232,2540.16356364854,0.4455524749030047
VID1797_F2,24.0,239109,551.7635673928463,0.9239356399298284,2446.16356364854,0.5021515427504257
VID1797_F2,25.0,231216,542.580274775526,0.9127571886497498,2414.092495836675,0.4985628744865611
VID1797_F2,26.0,244689,558.1645912826272,0.8968420358166505,2728.531096016687,0.4130156372177208
VID1797_F2,27.0,252039,566.4856764433728,0.9015140947087164,2822.1879502661795,0.3976543570716644
VID1797_F2,28.0,241494,554.5085306974757,0.9139883430474603,2658.6610383315983,0.4293290413143413
VID1797_F2,29.0,233772,545.5710355689976,0.8969703480876665,2554.305699272271,0.450252996325401
VID1797_F2,30.0,254310,569.0321156328517,0.9432443659777756,2435.6782822743016,0.5386832285817184
VID1797_F2,31.0,245259,558.8143318690039,0.9160068422546572,2448.9503602129435,0.5138955451658261
VID1797_F2,32.0,225642,536.0002960382873,0.904674081261176,2589.2346314604056,0.4229480141806674
VID1797_F2,33.0,215103,523.3332072314614,0.9044401463230038,2603.2346314604056,0.3988684680455157
VID1797_F2,34.0,208863,515.6865627801643,0.9094245966951864,2547.2640687119288,0.4045045737871031
VID1797_F2,35.0,216852,525.4565079575183,0.8870871411390282,2605.9919907732865,0.4012611770113442
VID1797_F2,36.0,215214,523.4682181189545,0.930429820238126,2640.589970519733,0.3878630824861727
VID1797_F2,37.0,206664,512.964693983073,0.90640117541282,2844.773736703806,0.3209070330491601
VID1797_F2,38.0,204372,510.1122545446391,0.8976755626614192,2807.1168824543142,0.3259194409957343
VID1797_F2,39.0,201153,506.0789999023,0.8700953781603478,3103.7859300126265,0.262393370346884
VID1797_F2,40.0,196695,500.439658951689,0.8847461743988341,3149.5432893255074,0.2491770387948246
VID1797_F2,41.0,174618,471.5193981402724,0.8350852693900584,3244.129075763134,0.2084983502565688
VID1797_F2,42.0,171903,467.8393928033516,0.8623867478704085,3024.2001435749994,0.2361958488465005
VID1797_F2,43.0,167349,461.60087150251866,0.8161574288570802,3244.5849198858496,0.1997628359499637
VID1797_F2,44.0,185340,485.7800090794341,0.7970892951604371,3475.1828996322965,0.192851796837102
VID1797_F2,45.0,161655,453.6799958166138,0.801490383900284,3289.5138520739843,0.1877308155546235
VID1797_F2,46.0,171450,467.22255932782576,0.8217385677928327,3445.626550446192,0.1814725504730191
VID1797_F2,47.0,170310,465.66664778986,0.8261179586431701,2843.17575695736,0.2647540414197188
VID1797_F2,48.0,158493,449.2210537850048,0.8015019343093378,3120.371716450253,0.2045536740931479
VID1797_F2,49.0,146319,431.6238373237792,0.791200056236583,3008.5016587651644,0.203146843110868
VID1797_F2,50.0,158214,448.8254909547017,0.8136362000071997,3057.2295808265226,0.2127152705993283
VID1797_F2,51.0,157095,447.2354707312138,0.8024139586674703,3401.4011537017764,0.1706304425810644
VID1797_F2,52.0,151053,438.5506275800783,0.7946811868686868,3155.631601080076,0.1906191927488202
VID1797_F2,53.0,145815,430.8798257235511,0.7926882304974178,3242.6143571373723,0.1742695315045712
VID1797_F2,54.0,131532,409.2331166928032,0.7538773685477492,3230.0285706997456,0.1584267671701766
VID1797_F2,55.0,129168,405.53890752226414,0.7932446955507109,2946.732106143464,0.1869319296871413
VID1797_F2,56.0,129117,405.4588392149936,0.7427816992561656,3442.6204537917824,0.1369036419022672
VID1797_F2,57.0,115794,383.9707018029676,0.7600126018981609,3316.413347010596,0.1322996246090712
VID1797_F2,58.0,124152,397.58676532042654,0.7634813944764564,3202.194046920589,0.1521487163076312
VID1797_F2,59.0,123369,396.3310351138708,0.7196716912450999,3524.798123321446,0.1247806981897065
VID1797_F2,60.0,124617,398.3306319457013,0.7332093833291167,3114.430590953298,0.1614469492747378
VID1797_F2,61.0,123339,396.2828436963809,0.730612027295991,3338.685424949238,0.1390462512363763
VID1797_F2,62.0,121524,393.3562792614298,0.7609279609279609,3075.986940139403,0.1613997826685333
VID1797_F2,63.0,124305,397.8316749685781,0.753646824867526,3491.1828996322965,0.1281602242287306
VID1797_F2,64.0,113613,380.3374349127312,0.7323303618045752,3294.33008588991,0.1315538815616289
VID1797_F2,65.0,111135,376.1668204455868,0.7392834335586185,3285.2001435749994,0.1294008269028377
VID1797_F2,66.0,107352,369.7090905109167,0.735781552000658,3469.283404695685,0.1120831806182755
VID1797_F2,67.0,106233,367.7771832996856,0.7029339367952994,3255.5138520739843,0.125959293166914
VID1797_F2,68.0,108198,371.1629995854316,0.7073706507668772,3573.3544725075503,0.1064821710741762
VID1797_F2,69.0,85515,329.9713315850749,0.6540994515707107,3226.95750288788,0.1031966672687982
VID1797_F2,70.0,84963,328.9046236210942,0.6737694387831976,2777.974746830583,0.1383512590719246
VID1797_F2,71.0,104157,364.1659117229128,0.6815933095135263,3351.6143571373723,0.1165172543843316
VID1797_F2,72.0,91023,340.4322004165128,0.6865981247784206,2777.489465456345,0.1482709835307829
VID1797_F3,0.0,272793,589.3478048885388,0.957625393170074,2396.251875403109,0.5970052556268036
VID1797_F3,1.0,240753,553.6571503318861,0.9518487182325684,2319.3523804664974,0.5624036091655911
VID1797_F3,2.0,246189,559.8728161634614,0.9655076396950396,2289.7371567773475,0.5900750404652518
VID1797_F3,3.0,243642,556.9691456071553,0.9617725776272472,2318.494516090228,0.569573629561646
VID1797_F3,4.0,234993,546.9939490853168,0.9556873223283676,2237.837661840736,0.5896680982270587
VID1797_F3,5.0,239220,551.8916233206893,0.9413959199093314,2394.5655839020933,0.5242686364600102
VID1797_F3,6.0,232707,544.3268822469505,0.9429582144709544,2320.8498551495554,0.5429067247339104
VID1797_F3,7.0,237102,549.4430293813878,0.9310933873684956,2393.3940110268395,0.520135722085124
VID1797_F3,8.0,229413,540.4606402656236,0.934857110257173,2331.494516090228,0.5303457483832756
VID1797_F3,9.0,240333,553.1740047262126,0.9281667458377264,2581.749350086167,0.4531011025198334
VID1797_F3,10.0,253182,567.7687332137426,0.9426407732288858,2424.1219330881977,0.541419343886789
VID1797_F3,11.0,239784,552.5418273712645,0.935892181773474,2392.4650788387053,0.5264278413865933
VID1797_F3,12.0,241353,554.3466278786818,0.9534820328055372,2316.808224589213,0.5650441630134154
VID1797_F3,13.0,235305,547.3569503294057,0.9352605199667716,2477.607214462436,0.4816994003866874
VID1797_F3,14.0,236097,548.2773356553577,0.9280068235506832,2468.9919907732865,0.4866995788952832
VID1797_F3,15.0,226404,536.9045780082527,0.8994243626872609,2623.8620484583757,0.4132491449362417
VID1797_F3,16.0,242952,556.179911424799,0.9294190557073014,2516.849855149555,0.4819652498935494
VID1797_F3,17.0,228900,539.8560287612603,0.9206525411458082,2482.364573775317,0.4667932068629953
VID1797_F3,18.0,244755,558.2398631158965,0.93644544431946,2630.891485709898,0.4443606216866548
VID1797_F3,19.0,238869,551.4865880611636,0.9029598548423678,2664.891485709898,0.4226789276368013
VID1797_F3,20.0,246276,559.9717333215999,0.9070571726375728,2768.075251893972,0.4039021548556166
VID1797_F3,21.0,253617,568.2562745954485,0.9173267649037522,2694.4183976444792,0.4389935654559647
VID1797_F3,22.0,227235,537.889010807894,0.9285358199441004,2313.4234482783622,0.5335496290905484
VID1797_F3,23.0,232302,543.8530065385938,0.9306822006057596,2343.0092347159894,0.5317589549238534
VID1797_F3,24.0,233853,545.6655452334809,0.9010495734662896,2596.719912834644,0.4358154206666318
VID1797_F3,25.0,235002,547.0044236492541,0.9335515574288222,2345.979797464466,0.5365780300595667
VID1797_F3,26.0,230460,541.6925193130007,0.9147561285405816,2536.9209229614207,0.449978290067394
VID1797_F3,27.0,233322,545.045683458458,0.9335568643769404,2477.2640687119283,0.4777722786727775
VID1797_F3,28.0,226725,537.2850600752638,0.933151415624344,2465.518902707868,0.4686974616666909
VID1797_F3,29.0,229848,540.972793103579,0.9211717037316096,2563.648845022779,0.4394743353610398
VID1797_F3,30.0,228945,539.9090919491834,0.929273044607704,2551.790980646509,0.4418255544655178
VID1797_F3,31.0,238509,551.0708580348256,0.9430998145504728,2433.335136523794,0.5061867596402166
VID1797_F3,32.0,232230,543.7687187342123,0.9259495538313092,2569.761543394987,0.4419188584208215
VID1797_F3,33.0,228018,538.8149353084251,0.9264166351791134,2753.667134986008,0.3778819201296171
VID1797_F3,34.0,222090,531.764769884422,0.8993464158156034,2445.636651713959,0.466611028661841
VID1797_F3,35.0,226806,537.3810270033762,0.8775182521289314,2976.631601080076,0.3216727168976194
VID1797_F3,36.0,210369,517.5423941923902,0.893358699852642,2541.021428024809,0.4094255600172903
VID1797_F3,37.0,222348,532.0735534611488,0.917436189438764,2631.9919907732865,0.4033424803338589
VID1797_F3,38.0,218037,526.8902453219462,0.9334654804818948,2401.0803025278547,0.4752549970410658
VID1797_F3,39.0,235884,548.0299597378862,0.9044423824605262,2801.619407771256,0.3776505079946697
VID1797_F3,40.0,216876,525.4855844873227,0.9112436974789916,2656.347329832613,0.3862350102070814
VID1797_F3,41.0,212772,520.4898888666235,0.8969357687557172,2855.9209229614207,0.3278173864524639
VID1797_F3,42.0,207048,513.4410397098443,0.9252053300921416,2745.962553521764,0.3450576678940685
VID1797_F3,43.0,202938,508.3194730968552,0.8806773306022548,2992.57272657703,0.2847631660355501
VID1797_F3,44.0,208593,515.3531375231374,0.9173197181983692,2962.1463197058374,0.298742203180369
VID1797_F3,45.0,213675,521.5931937068254,0.9039661554732944,2849.17575695736,0.3307692251685989
VID1797_F3,46.0,209637,516.6411892596692,0.904648884707832,2755.1046891454944,0.3470576232534121
VID1797_F3,47.0,208587,515.3457256227837,0.9124221374580068,2701.719912834644,0.3591008676609609
VID1797_F3,48.0,191568,493.8744305041775,0.9208760359182416,2710.1046891454944,0.3277635795036302
VID1797_F3,49.0,206502,512.7636029077147,0.9131478754593332,2862.518902707868,0.3166922238942323
VID1797_F3,50.0,197019,500.8516565453058,0.8959929782754026,2897.974746830583,0.2948008837289128
VID1797_F3,51.0,174768,471.7218764847301,0.9269299106314144,2239.4234482783622,0.4379245958314577
VID1797_F3,52.0,168906,463.7432463584105,0.9045757374520684,2646.790980646509,0.3029811775006364
VID1797_F3,53.0,173922,470.57875865728255,0.908555219483145,2591.648845022779,0.3253958965109749
VID1797_F3,54.0,163251,455.91405869698735,0.8835075983894012,2848.631601080076,0.2528093538740512
VID1797_F3,55.0,155598,445.0994570674085,0.838251931344345,2578.9919907732865,0.2939773614438018
VID1797_F3,56.0,147648,433.5796031884541,0.8786583986955332,2173.837661840736,0.3926297605962756
VID1797_F3,57.0,153141,441.5712593911514,0.8216247827113333,2608.8498551495554,0.282750363683478
VID1797_F3,58.0,178206,476.3390875301694,0.8686450178890005,2968.602163828553,0.2541137626623196
VID1797_F3,59.0,151557,439.28164733053336,0.810495580048451,2908.430590953298,0.2251481880635522
VID1797_F3,60.0,155625,445.13807312946136,0.8213181199269588,2873.690475583121,0.2368150239490955
VID1797_F3,61.0,181659,480.9318272448237,0.8445995266943459,3513.6681810065347,0.1849035679877811
VID1797_F3,62.0,154719,443.8404545801111,0.9094911707305604,2534.063058585152,0.3027740695081336
VID1797_F3,63.0,156636,446.5816267258842,0.8854794396644318,2568.2640687119283,0.2984159942991236
VID1797_F3,64.0,154491,443.5133036400149,0.8485252924699291,3058.430590953299,0.2075466799399074
VID1797_F3,65.0,144540,428.99189245954335,0.861824296123162,2788.0458146424485,0.2336673871401458
VID1797_F3,66.0,148770,435.2239045253031,0.8377915685854911,2657.648845022779,0.2646854283332574
VID1797_F3,67.0,152100,440.0678751672499,0.8826550449451895,2376.666088965482,0.3383784828874354
VID1797_F3,68.0,146535,431.9423071288191,0.8003965522891883,3016.045814642449,0.2024302279050367
VID1797_F3,69.0,136632,417.09143539067634,0.786647398511132,3485.141269071953,0.1413583658673168
VID1797_F3,70.0,147864,433.89663751027166,0.8037484779961732,3340.484414822461,0.1665150203475854
VID1797_F3,71.0,133860,412.8387644810609,0.7690805046767633,3561.9696961967,0.1325806805634655
VID1797_F3,72.0,123510,396.5574563291427,0.7670523354386749,3174.4722215136417,0.1540170935380495
VID1797_F4,0.0,278349,595.3192034845573,0.9571441343548408,2401.3940110268395,0.6065584859697182
VID1797_F4,1.0,236148,548.3365499491341,0.9454315432103708,2313.636651713959,0.5543752392662358
VID1797_F4,2.0,243006,556.2417179679289,0.9691127851932794,2180.482322781408,0.6422760391092557
VID1797_F4,3.0,244899,558.4040573510338,0.9498799554729832,2307.139177030901,0.5781616590965696
VID1797_F4,4.0,238347,550.8836771669604,0.951769991015274,2260.109739779378,0.586354821014018
VID1797_F4,5.0,235515,547.601142601348,0.9553663424171864,2263.938166904124,0.5774299611257983
VID1797_F4,6.0,242076,555.176310762004,0.9534868148965082,2335.666088965482,0.557622241546541
VID1797_F4,7.0,223845,533.8616917247786,0.957449538694486,2207.938166904124,0.5770101441567044
VID1797_F4,8.0,230220,541.4103877733869,0.957383102949249,2177.653895656662,0.6100637227198492
VID1797_F4,9.0,229074,540.0611775259009,0.94405110241088,2366.8670990922583,0.5138518422873479
VID1797_F4,10.0,232806,544.4426557972972,0.9407899522343186,2295.4528855298854,0.5552227675105975
VID1797_F4,11.0,229911,541.0469267721664,0.953536501405974,2182.724963468528,0.6064173015822646
VID1797_F4,12.0,235671,547.7824721066571,0.9347795045098646,2326.210244842766,0.5472907153443504
VID1797_F4,13.0,234438,546.3476296174643,0.9312999539192476,2437.1219330881977,0.4960019174787286
VID1797_F4,14.0,229347,540.3828919075579,0.944191714388048,2291.808224589213,0.5487144288071016
VID1797_F4,15.0,246807,560.5750907036909,0.9115678670360112,2526.8498551495554,0.4857451389276055
VID1797_F4,16.0,251487,565.8649957249626,0.9061386409739962,2611.9209229614207,0.4632392560920215
VID1797_F4,17.0,245193,558.7391374266249,0.9361798799578478,2477.808224589213,0.501859963944103
VID1797_F4,18.0,245718,559.3369954269382,0.936985925267786,2364.4234482783622,0.5523270593302194
VID1797_F4,19.0,251595,565.9864868154039,0.9237827378439012,2467.879292401078,0.5191155547573943
VID1797_F4,20.0,242994,556.2279837740782,0.9402519008648208,2395.193000900063,0.5322606822514846
VID1797_F4,21.0,243360,556.6467242396646,0.9194568494548092,2518.2640687119283,0.4822325518551011
VID1797_F4,22.0,248922,562.9718766995081,0.9450198174667052,2369.938166904124,0.5569280801442705
VID1797_F4,23.0,243420,556.7153401689532,0.9339426098366694,2445.5361466505706,0.5114673900915563
VID1797_F4,24.0,241383,554.3810792467649,0.9509482575226328,2317.7077195258244,0.5646758445309263
VID1797_F4,25.0,244506,557.9558299050344,0.9136141989724428,2550.364573775317,0.4723836424974358
VID1797_F4,26.0,244230,557.6408288591043,0.9096224897205172,2645.8204178980327,0.4384177675549381
VID1797_F4,27.0,241377,554.3741891444256,0.9214515581039346,2480.2224381515857,0.4930880584461506
VID1797_F4,28.0,237903,550.3703366017553,0.9384178450979233,2381.494516090228,0.5271213551462516
VID1797_F4,29.0,244038,557.4215927088577,0.9492391710231516,2332.9087296526013,0.5634713313806441
VID1797_F4,30.0,239013,551.6527923483986,0.941159098426499,2427.494516090228,0.5097002799139078
VID1797_F4,31.0,238335,550.8698093873497,0.9370982137591268,2530.8853890554883,0.4675765593529379
VID1797_F4,32.0,232071,543.582536866513,0.9246851254915868,2526.021428024809,0.4570425951375232
VID1797_F4,33.0,231447,542.8512438139193,0.934082653967229,2360.3940110268395,0.5220263339265577
VID1797_F4,34.0,229821,540.9410184212137,0.9424841908417608,2366.2224381515857,0.5158084320736293
VID1797_F4,35.0,221703,531.3012580320319,0.923620108566596,2543.6782822743016,0.4305831889066445
VID1797_F4,36.0,222330,532.0520162361653,0.9216247922167826,2558.506709399048,0.4268102214970399
VID1797_F4,37.0,220833,530.2577754097531,0.9195244836775484,2476.808224589213,0.4523650816621713
VID1797_F4,38.0,223182,533.070490716831,0.9288838759889956,2442.4650788387053,0.4701238703908473
VID1797_F4,39.0,219762,528.9703855889182,0.9059212478976356,2683.4772721475247,0.3835011054438946
VID1797_F4,40.0,207627,514.1584453791727,0.9143381818662228,2576.891485709898,0.3929175539886214
VID1797_F4,41.0,209142,516.030875883412,0.9149739475100296,2514.193000900063,0.4157707134551082
VID1797_F4,42.0,197646,501.6479871969248,0.9135474924890225,2435.577777210913,0.4186912528514643
VID1797_F4,43.0,213999,521.9884954036631,0.9050764877792956,2583.891485709898,0.4027847936002366
VID1797_F4,44.0,202314,507.5373732579205,0.900947198261466,2631.518902707868,0.3671324840373238
VID1797_F4,45.0,214266,522.3140284275585,0.9094829598753772,2597.063058585152,0.3992069896241639
VID1797_F4,46.0,197286,501.1909185356627,0.912621718515092,2446.4356415871825,0.4142271311647337
VID1797_F4,47.0,194106,497.135228152626,0.9050369976640416,2660.140223051427,0.3446987940245637
VID1797_F4,48.0,182049,481.4478018222657,0.8974429759481003,2622.719912834644,0.3325786257863719
VID1797_F4,49.0,181323,480.48685098555393,0.8538030145358829,2991.95750288788,0.2545375846338446
VID1797_F4,50.0,170997,466.6049104232387,0.8638393533720636,3246.5016587651644,0.2038764660103816
VID1797_F4,51.0,173406,469.88017248480026,0.8825137029176909,2834.903679018718,0.271142358452803
VID1797_F4,52.0,175167,472.2600463014252,0.8713432256716626,3031.57272657703,0.2395113912843183
VID1797_F4,53.0,165000,458.3497844237541,0.8446724206775809,3042.9453095790604,0.2239265115145139
VID1797_F4,54.0,184575,484.7764319451727,0.8954908886258224,2760.619407771256,0.3043474500640019
VID1797_F4,55.0,152415,440.5233310629641,0.8353063036401303,2802.8742417671947,0.2437981184428159
VID1797_F4,56.0,142500,425.9537945889914,0.8153853196310453,3189.7859300126265,0.1759955359412326
VID1797_F4,57.0,166143,459.9346015260584,0.8610006996087374,2944.246824769225,0.2408482424339704
VID1797_F4,58.0,171858,467.7781543414524,0.8691724912252309,2635.8204178980327,0.3108479314694264
VID1797_F4,59.0,168582,463.298250515306,0.8632348648939275,2724.447834896002,0.2854066395813855
VID1797_F4,60.0,168636,463.372446166104,0.8665108033810344,2607.879292401078,0.3115912005620032
VID1797_F4,61.0,147549,433.4342182916902,0.8106464337908073,3206.460028204822,0.1803410000910752
VID1797_F4,62.0,161925,454.058711271176,0.8496253620450824,2877.790980646509,0.2457000673352623
VID1797_F4,63.0,164823,458.10387630087104,0.8571049703071211,2780.021428024809,0.267997900526162
VID1797_F4,64.0,155961,445.6183486307994,0.8686167161419318,2750.205194208883,0.2591168641899221
VID1797_F4,65.0,144804,429.3834871485285,0.8495942829986095,2704.2762620207486,0.248821733192695
VID1797_F4,66.0,156981,447.0731673586222,0.8253600214514425,3067.2173875177023,0.209685230023456
VID1797_F4,67.0,147078,432.7418696643049,0.8539528078405871,2906.489465456345,0.2187862745310042
VID1797_F4,68.0,161043,452.8204014869304,0.8648925886143931,2822.8620484583757,0.2539641448090644
VID1797_F4,69.0,154005,442.815148890526,0.8199606005750186,3258.5138520739843,0.1822659493625698
VID1797_F4,70.0,124284,397.7980688463243,0.7614647983972258,3140.7148622007608,0.1583317700744542
VID1797_F4,71.0,132882,411.327870662198,0.788373914281646,3016.3178925810907,0.1835362269450963
VID1797_F4,72.0,122994,395.7282205822028,0.7606449099241174,3059.602163828553,0.1651063859199812
VID1797_F5,0.0,250122,564.3272290154431,0.9556379975012704,2255.5239533417507,0.6178269797633971
VID1797_F5,1.0,261348,576.8523281893255,0.9704427644184354,2256.5950211536165,0.6449436836308005
VID1797_F5,2.0,252246,566.7182564566505,0.9601068790036806,2305.0386719675125,0.596592404879282
VID1797_F5,3.0,251304,565.6590762554114,0.9547951763284472,2373.1158364337875,0.5607527218947135
VID1797_F5,4.0,236730,549.0118372359152,0.9392519471038442,2321.4234482783622,0.5520195114738343
VID1797_F5,5.0,240657,553.5467542288818,0.9143919935559373,2709.134126397017,0.4120475616633005
VID1797_F5,6.0,245673,559.2857754973942,0.9005674528405634,2729.063058585152,0.4145149053400453
VID1797_F5,7.0,259065,574.3272609382345,0.9409220174989376,2483.849855149555,0.527676711586019
VID1797_F5,8.0,262506,578.1288956022252,0.8960503005540025,3050.643794388895,0.354459072843916
VID1797_F5,9.0,282234,599.4593311216232,0.9091565061929228,2998.602163828553,0.3944404947115091
VID1797_F5,10.0,265248,581.1404673243057,0.93297971874978,2715.075251893972,0.452166350497337
VID1797_F5,11.0,248643,562.6562895068223,0.9339511018792234,2596.9331162702406,0.4633024235508963
VID1797_F5,12.0,276396,593.2270368135795,0.9147096979163908,2865.447834896002,0.4230158151320563
VID1797_F5,13.0,268503,584.6953373168161,0.8895923823912374,3025.602163828553,0.3685830523879739
VID1797_F5,14.0,266109,582.0828996027366,0.9018809733613502,3294.158513014657,0.3081629623457036
VID1797_F5,15.0,279732,596.7963172874448,0.9317567117447204,2843.004184082106,0.4349076197587666
VID1797_F5,16.0,270090,586.4207266438663,0.9157269466275184,2955.874241767195,0.3884601405265611
VID1797_F5,17.0,256113,571.0457070329456,0.8925508372684661,3059.844804515672,0.3437499851939452
VID1797_F5,18.0,253263,567.8595484961589,0.900772508375954,2989.6437943888955,0.3560760121967685
VID1797_F5,19.0,262185,577.775311030498,0.9147988164854642,2967.146319705837,0.3742310160975425
VID1797_F5,20.0,252141,566.6002930188694,0.9044735643234052,2921.7026688919414,0.3711772077774142
VID1797_F5,21.0,247836,561.7424639538867,0.9109775596846226,2817.761543394987,0.3922525538869304
VID1797_F5,22.0,253707,568.3570930111842,0.8868951486041488,2978.7737367038067,0.359308326716296
VID1797_F5,23.0,245808,559.4394212175799,0.8950254516854914,2763.832611206853,0.4043732359781513
VID1797_F5,24.0,236556,548.8100342963594,0.8569658635192853,3038.9453095790604,0.3218830169623682
VID1797_F5,25.0,244140,557.5380726476378,0.8918747123161563,3045.087445202791,0.3308638102918135
VID1797_F5,26.0,241077,554.0295747756783,0.8988467862509182,2860.56053326821,0.3702229674771798
VID1797_F5,27.0,237918,550.3876870028075,0.888668927701663,2910.6610383315983,0.3529018210137688
VID1797_F5,28.0,226332,536.8191992086338,0.9055163474002592,2707.891485709898,0.3878763603020957
VID1797_F5,29.0,229317,540.3475480466561,0.9168059298113752,2534.305699272272,0.4486711192341406
VID1797_F5,30.0,231012,542.340864870387,0.8850288481430684,2761.518902707868,0.3806697469578501
VID1797_F5,31.0,229221,540.2344321530595,0.9102790154637947,2607.684378928712,0.4235983073567781
VID1797_F5,32.0,232602,544.2040652039346,0.8805111917839852,2799.7493500861674,0.3728936635836739
VID1797_F5,33.0,231885,543.3646582461112,0.9317290538260016,2559.820417898032,0.4446963067926937
VID1797_F5,34.0,237477,549.8773566578935,0.8739222115501386,3081.8742417671947,0.314196680147245
VID1797_F5,35.0,226383,536.8796772609113,0.921458488515502,2415.050865276332,0.4877543041292093
VID1797_F5,36.0,223137,533.0167467290029,0.8755792736761561,2762.9331162702406,0.3673167306369097
VID1797_F5,37.0,219147,528.2297099842801,0.8544542179385206,3187.022474045336,0.2711284815234739
VID1797_F5,38.0,226551,537.0788509141798,0.9006953472561812,2827.004184082106,0.3562238105383477
VID1797_F5,39.0,218484,527.4300604742939,0.878981352966025,2966.246824769225,0.3120433484974212
VID1797_F5,40.0,211335,518.7292927786184,0.8851690673546917,2722.40620433566,0.3583236229380563
VID1797_F5,41.0,215481,523.7928315079137,0.8905829596412556,2777.820417898032,0.3509219344861136
VID1797_F5,42.0,212853,520.588951876155,0.88139713037537,2776.063058585152,0.3470811164266464
VID1797_F5,43.0,207405,513.8834963061146,0.8787416587225929,2720.092495836675,0.3522587107553386
VID1797_F5,44.0,210219,517.3578489350299,0.8786289277683504,2752.276262020748,0.3487368022988804
VID1797_F5,45.0,207402,513.8797797706796,0.8528007697336771,2833.761543394987,0.3245609004209976
VID1797_F5,46.0,210564,517.7822046938411,0.8507430122906111,2761.619407771256,0.3469495542812219
VID1797_F5,47.0,212196,519.7848963125252,0.832327226085831,2799.732106143464,0.3401841710035377
VID1797_F5,48.0,211344,518.7403380714751,0.8278325721313915,3002.8742417671947,0.2945272602927218
VID1797_F5,49.0,218754,527.7558558358171,0.8345344050784543,3003.1168824543142,0.3048045152375292
VID1797_F5,50.0,213984,521.9702010082655,0.8462715785726997,2764.832611206853,0.3517656910196416
VID1797_F5,51.0,213909,521.8787194116597,0.8309759574856557,2937.246824769225,0.3115717226563095
VID1797_F5,52.0,212556,520.2256286177443,0.8754762365675546,2728.719912834644,0.3587280298497969
VID1797_F5,53.0,218268,527.1692792170788,0.8609124722420533,3064.2173875177023,0.2921196609021595
VID1797_F5,54.0,211062,518.3941403901986,0.8623504608746813,2914.347329832613,0.3122750555761499
VID1797_F5,55.0,211311,518.6998375144645,0.860842465474396,2691.648845022779,0.3665178815478547
VID1797_F5,56.0,210465,517.6604686304393,0.8484849706508417,2890.5483399593904,0.3165404929496394
VID1797_F5,57.0,211668,519.1378121029159,0.8208958696916812,3212.7442994522835,0.2576990081208433
VID1797_F5,58.0,213663,521.578547149659,0.8398042606713308,3107.4183976444792,0.2780607697123822
VID1797_F5,59.0,210561,517.7785161427429,0.8659538154675002,2886.974746830583,0.3174693687980796
VID1797_F5,60.0,228600,539.5021407987722,0.8226572621275371,3445.312841947208,0.2420074659649381
VID1797_F5,61.0,218646,527.6255618316501,0.845835735037544,3084.045814642449,0.2888748670094021
VID1797_F5,62.0,224670,534.8445835152947,0.7929062996294336,3331.170706323476,0.2544258135208812
VID1797_F5,63.0,222162,531.8509600794692,0.8306115124052224,3211.7148622007608,0.2706485331477151
VID1797_F5,64.0,229575,540.6514297424682,0.8364576387902106,3326.413347010596,0.2607246108255555
VID1797_F5,65.0,234168,546.0329273144099,0.8524995995398349,3177.200143575,0.2915065138503049
VID1797_F5,66.0,228726,539.6508020091278,0.8368708174936245,3132.087445202791,0.292993267888025
VID1797_F5,67.0,233304,545.0246588411321,0.855841116352778,3185.543289325507,0.2889116312720469
VID1797_F5,68.0,234870,546.8507766035883,0.8527981816267324,3126.2295808265226,0.3019921649687714
VID1797_F5,69.0,227775,538.5277497975862,0.8464671539899439,3224.371716450253,0.2753123626496089
VID1797_F5,70.0,230334,541.5444185817346,0.8363646926822538,3738.7098115668778,0.207073439996801
VID1797_F5,71.0,226467,536.979273322107,0.8464125937636651,3080.2295808265226,0.2999498275109561
VID1797_F5,72.0,232212,543.7476447416041,0.8589119531284677,3063.371716450253,0.3109532687192454
VID1797_F6,0.0,263943,579.7091211599427,0.967174909582596,2284.796031280393,0.6353677120630407
VID1797_F6,1.0,245013,558.5340102215768,0.9725594023641864,2202.281312654632,0.6348240986707583
VID1797_F6,2.0,239481,552.1926107914895,0.9458773066228514,2447.5716805565035,0.5023542581005164
VID1797_F6,3.0,235341,547.3988195982139,0.9287918732043066,2666.820417898032,0.4158339230216312
VID1797_F6,4.0,232275,543.8214001428777,0.9243672397325692,2389.0803025278547,0.5113883587178095
VID1797_F6,5.0,248253,562.2148492339369,0.8990634642407035,2954.7676400493965,0.3573203093196899
VID1797_F6,6.0,253206,567.7956429598695,0.9074182912844037,2788.246824769225,0.4092808492759116
VID1797_F6,7.0,266841,582.88293280613,0.923405138852842,2881.4600282048214,0.4038659364873737
VID1797_F6,8.0,277431,594.3367060306985,0.9169544912198364,3161.158513014657,0.3488769717862019
VID1797_F6,9.0,266652,582.6764720517901,0.9007174609179717,2894.2823586751583,0.4000119028181627
VID1797_F6,10.0,250002,564.191840301577,0.8831215624768183,3017.732106143464,0.3449784608308449
VID1797_F6,11.0,283491,600.7927694109809,0.935490364308342,2885.489465456345,0.4278683415199875
VID1797_F6,12.0,297369,615.3226553429921,0.949235807860262,2874.045814642449,0.4523954024620002
VID1797_F6,13.0,273858,590.4971085806282,0.9366092895520756,3127.1879502661795,0.3519065320085781
VID1797_F6,14.0,281340,598.5091590909789,0.9247092000907158,2807.749350086167,0.4484609952120107
VID1797_F6,15.0,268968,585.2014130778626,0.9086265607264472,2980.045814642449,0.3805963297566431
VID1797_F6,16.0,291717,609.4469790486351,0.924741169981424,2823.56053326821,0.4598089252135564
VID1797_F6,17.0,255969,570.8851487175988,0.8622433168050017,3693.739248818401,0.235757092833937
VID1797_F6,18.0,262500,578.1222885281109,0.891223233595551,3460.9991334482224,0.2753824063995455
VID1797_F6,19.0,266511,582.5223981160835,0.904847268764196,3272.543289325507,0.3127189524467097
VID1797_F6,20.0,247749,561.6438586583065,0.8835650880715556,3068.531096016687,0.3306440537225922
VID1797_F6,21.0,244761,558.2467055065557,0.8916839409383845,3189.0874452027915,0.302426070970476
VID1797_F6,22.0,254481,569.2233942695512,0.8717073037056321,3200.9453095790604,0.3121107438712474
VID1797_F6,23.0,230958,542.2774739678422,0.8640468690375536,2833.832611206852,0.3614052745168422
VID1797_F6,24.0,227187,537.8321972973981,0.8539099058465355,2932.004184082106,0.3320964011711431
VID1797_F6,25.0,242148,555.258866906716,0.8859246034068957,3116.442784262119,0.3133086854955084
VID1797_F6,26.0,229866,540.9939751883499,0.858275801555505,2932.974746830583,0.3357901520979743
VID1797_F6,27.0,229140,540.1389721919861,0.9144749970068244,2514.063058585152,0.4555734849499627
VID1797_F6,28.0,237426,549.8183083058354,0.8810262423558748,2924.974746830583,0.3487336843366434
VID1797_F6,29.0,233355,545.0842264840122,0.8687728729761023,3119.6143571373723,0.3013180540270377
VID1797_F6,30.0,238659,551.2441169817137,0.8702052097310542,3002.974746830583,0.33257095723185
VID1797_F6,31.0,235653,547.7615525349286,0.9050453765117504,2810.1046891454944,0.3750056729985351
VID1797_F6,32.0,228477,539.3569796178184,0.8737604546306317,2837.276262020748,0.3566556452575025
VID1797_F6,33.0,226905,537.4982966467262,0.8916838266501093,2668.6488450227785,0.4003787952438989
VID1797_F6,34.0,214506,522.6064693275054,0.8893431068508599,2752.690475583121,0.3557415132176648
VID1797_F6,35.0,210825,518.1030081159447,0.8950253022687135,2648.506709399048,0.3776850706253087
VID1797_F6,36.0,202809,508.1578876965245,0.857119310953989,2987.2173875177023,0.2856034377905824
VID1797_F6,37.0,215139,523.376998362345,0.8693608870641861,2859.045814642449,0.3307400442407928
VID1797_F6,38.0,204684,510.5014818534536,0.8084429049343755,3309.0702012600887,0.2348993408300877
VID1797_F6,39.0,210129,517.2470901761121,0.8109519362134041,3392.6143571373727,0.2294176709433076
VID1797_F6,40.0,217491,526.2301224977484,0.8073522205888903,3486.099638511611,0.2248907343188342
VID1797_F6,41.0,209709,516.7299020638019,0.8288205326830579,3430.0996385116114,0.2239821772053096
VID1797_F6,42.0,199608,504.1317278703021,0.8405821513997911,2926.790980646509,0.292822464289491
VID1797_F6,43.0,203217,508.6687729381917,0.8099973693231188,3389.886435076015,0.2222284215705514
VID1797_F6,44.0,189624,491.3621632063874,0.8245919960341102,2951.619407771256,0.273515821381383
VID1797_F6,45.0,197661,501.66702268725714,0.8100661459144447,3278.8864350760145,0.2310351729063642
VID1797_F6,46.0,196998,500.8249632693418,0.8036339308296687,3167.7026688919414,0.2467077883861586
VID1797_F6,47.0,199305,503.7489528162233,0.8089957420208556,3266.643794388895,0.2347061652489326
VID1797_F6,48.0,192252,494.7553425223668,0.8356856898193025,2989.7737367038067,0.2702738856182024
VID1797_F6,49.0,199587,504.1052082800345,0.8159163099866321,3368.129075763134,0.2210877405648419
VID1797_F6,50.0,202980,508.3720712139322,0.7926955475800878,3430.158513014657,0.2167877471984632
VID1797_F6,51.0,196902,500.7029187426842,0.8145399488694185,3510.655987697716,0.2007628915712819
VID1797_F6,52.0,194637,497.8147499508405,0.8068155910479562,3254.7148622007608,0.2308922585433987
VID1797_F6,53.0,201243,506.19220233142505,0.7732709827895592,3665.484414822461,0.188220920208027
VID1797_F6,54.0,204804,510.6511056679896,0.8099149368650419,3614.543289325507,0.1969887560604046
VID1797_F6,55.0,199455,503.9384817566048,0.8411528291463009,3309.815367264149,0.2287953827114695
VID1797_F6,56.0,216768,525.3547274300972,0.8359898956786671,3334.673231640418,0.2449618583116476
VID1797_F6,57.0,207873,514.4629470454918,0.8562619455611943,3137.3178925810907,0.2653938747010833
VID1797_F6,58.0,208044,514.674506698051,0.8049867669591865,3382.928065636357,0.2284438827787375
VID1797_F6,59.0,218268,527.1692792170788,0.7917497950507476,3842.597113194669,0.1857591558085684
VID1797_F6,60.0,225306,535.6010725027542,0.7851751176163094,4038.722004875697,0.173578008005953
VID1797_F6,61.0,230145,541.322191511741,0.784457752887883,3990.3666658163697,0.1816292545057191
VID1797_F6,62.0,233625,545.3994761995582,0.786518177870097,3795.881384442132,0.2037529534042098
VID1797_F6,63.0,233757,545.5535319825703,0.7899357594476867,4333.905771059771,0.1563923695767284
VID1797_F6,64.0,217167,525.8380094777299,0.8033314467712044,3584.0529573173853,0.2124490824606048
VID1797_F6,65.0,236415,548.6464498824024,0.8012546770782496,3798.082394568908,0.2059473120970898
VID1797_F6,66.0,227682,538.4177987626257,0.8041407516502612,3898.437733628235,0.1882596980106095
VID1797_F6,67.0,237597,550.0162689506925,0.7728516177719084,4305.905771059771,0.1610355546686172
VID1797_F6,68.0,227787,538.5419353927682,0.7947656912378885,3890.4793641885776,0.1891178695221797
VID1797_F6,69.0,223923,533.9546971192705,0.8205373436228921,3721.3189386016174,0.2031958255747545
VID1797_F6,70.0,230250,541.4456622554762,0.8159222667932926,3517.241774135342,0.2338864476209872
VID1797_F6,71.0,238272,550.7969978160163,0.7863009810942188,4262.4915574973975,0.1647994699744489
VID1797_F6,72.0,239052,551.6977973927666,0.8229381106146252,3838.396103067893,0.203893164401572
VID1797_F7,0.0,270948,587.3514349747542,0.9668668572223827,2353.050865276332,0.6149406223317578
VID1797_F7,1.0,250401,564.6418822946359,0.9478065028956432,2332.0803025278547,0.5785740106656632
VID1797_F7,2.0,244341,557.7675354483572,0.9408224558161026,2406.77878733769,0.5300707754517067
VID1797_F7,3.0,231087,542.428895500797,0.9096194419952136,2666.063058585152,0.4085493689595995
VID1797_F7,4.0,231858,543.3330234425341,0.9100464721951832,2480.607214462436,0.473495596544317
VID1797_F7,5.0,255708,570.5940216170679,0.9239107263510462,2698.3178925810907,0.4413345758565
VID1797_F7,6.0,263613,579.3466113703182,0.8808475233232644,3111.815367264149,0.3420968263542653
VID1797_F7,7.0,274044,590.6976026677296,0.8973339707529191,3258.129075763134,0.3244095203647028
VID1797_F7,8.0,278034,594.982254845383,0.8947854547561043,2825.832611206853,0.4375371225453001
VID1797_F7,9.0,264753,580.5979583044265,0.914300218600748,2891.8031739553294,0.3978444407389916
VID1797_F7,10.0,281034,598.183585711863,0.9068421188497084,3089.116882454314,0.3700837762918024
VID1797_F7,11.0,282819,600.080273632165,0.9421239002908128,2786.9331162702406,0.4575782299558682
VID1797_F7,12.0,294366,612.2078338485313,0.9142454274684216,3186.9158723275377,0.3642137287155175
VID1797_F7,13.0,282408,599.6440888973791,0.9229140250199348,2778.891485709898,0.4595615472237435
VID1797_F7,14.0,290703,608.3868468114231,0.918321703063252,2855.063058585152,0.4481547130958151
VID1797_F7,15.0,266667,582.6928604984719,0.8936951006578705,3030.489465456345,0.3648829595921667
VID1797_F7,16.0,279705,596.7675149169471,0.9035595799185292,3259.122979108724,0.3309090137204815
VID1797_F7,17.0,274110,590.7687293750029,0.9233147846238834,2931.045814642449,0.400949364918916
VID1797_F7,18.0,274224,590.8915644307805,0.9111279454567204,2777.690475583121,0.4466297274523479
VID1797_F7,19.0,275736,592.5183365154996,0.9166938170309248,2929.0336213336286,0.4038821146977036
VID1797_F7,20.0,246360,560.067222966096,0.8536796656802478,3379.7148622007608,0.2710316046776546
VID1797_F7,21.0,234735,546.6935929141739,0.8620138812382946,3254.999133448223,0.2784107235939945
VID1797_F7,22.0,230556,541.8053307932289,0.8813572280497874,2906.146319705837,0.3430451943544367
VID1797_F7,23.0,236151,548.3400329437505,0.8941218787270696,2719.589970519733,0.4012294396063326
VID1797_F7,24.0,244389,557.8223185731113,0.8662436863092601,3536.549385979917,0.2455455478493551
VID1797_F7,25.0,243051,556.2932181749352,0.8828330451712264,2878.9869401394026,0.3684918497769981
VID1797_F7,26.0,235680,547.792931592936,0.9037710814728462,2617.8498551495554,0.4321585651886317
VID1797_F7,27.0,237408,549.7974661968583,0.8890020595394121,2935.359523141434,0.3462442826643452
VID1797_F7,28.0,235527,547.6150931565334,0.888807964014008,2804.3178925810907,0.3763536033240312
VID1797_F7,29.0,231624,543.0587779510956,0.8890321837756924,2912.8742417671947,0.3430440974558188
VID1797_F7,30.0,234540,546.466469988951,0.9062246435609134,2880.116882454314,0.355309286936959
VID1797_F7,31.0,240594,553.4742948195623,0.8810933740565364,2855.4183976444792,0.370813169542629
VID1797_F7,32.0,237858,550.3182821164643,0.8891887850467289,2979.395057047366,0.3367219602633785
VID1797_F7,33.0,231357,542.7456875473937,0.9147908124330288,2536.063058585152,0.4520353640288367
VID1797_F7,34.0,217500,526.2410103554244,0.9140306862164173,2549.9209229614207,0.4203544993430637
VID1797_F7,35.0,217491,526.2301224977484,0.8698422220889076,2930.732106143464,0.3181990729690401
VID1797_F7,36.0,210288,517.4427479279885,0.9180556889521432,2608.1219330881977,0.3884799166187574
VID1797_F7,37.0,220722,530.1244936739242,0.8524092546893284,2940.589970519733,0.3207646815984982
VID1797_F7,38.0,212538,520.2036008707764,0.9077156987520608,2517.251875403109,0.4214956601598882
VID1797_F7,39.0,208563,515.3160769552991,0.8605149152122787,2715.506709399048,0.3554228695117032
VID1797_F7,40.0,207852,514.436960037178,0.8571393224602569,2869.276262020748,0.3172629375392019
VID1797_F7,41.0,220905,530.3442105177742,0.8508224944826815,3266.6437943888955,0.2601428234831812
VID1797_F7,42.0,214665,522.800121337566,0.842229781423981,3082.56053326821,0.2838885504747866
VID1797_F7,43.0,218910,527.9440015171822,0.852101546869283,3177.56053326821,0.2724506193869438
VID1797_F7,44.0,226302,536.7836207007967,0.8250795722603627,3388.265114732455,0.247709970432875
VID1797_F7,45.0,220029,529.2916245214287,0.8395650100162168,3274.3300858899106,0.2578961576941231
VID1797_F7,46.0,214932,523.1251492989206,0.8481858864570919,3211.3300858899106,0.261903346552628
VID1797_F7,47.0,217704,526.4877414024223,0.8329596498343294,3087.8031739553294,0.2869307239610158
VID1797_F7,48.0,212151,519.7297784956231,0.8175627765017804,3087.2590180780453,0.2797105269533143
VID1797_F7,49.0,212724,520.4311759630112,0.8440859148390784,3086.489465456345,0.2806058731977599
VID1797_F7,50.0,211068,518.4015087055219,0.8324183625177473,3169.359523141434,0.264051868331781
VID1797_F7,51.0,217779,526.5784222818847,0.824093239740412,3359.7859300126265,0.2424390922395007
VID1797_F7,52.0,209856,516.9109767648026,0.8202851078633328,3223.2001435749994,0.2538380408800992
VID1797_F7,53.0,219999,529.2555399825221,0.831430482647589,3434.655987697715,0.2343495267197963
VID1797_F7,54.0,221853,531.4809617645114,0.8189630668709279,3815.2661607529817,0.1915250077623614
VID1797_F7,55.0,213066,520.8493609850569,0.831925095270819,3299.442784262119,0.2459477271062329
VID1797_F7,56.0,226872,537.459209608651,0.7813365293218167,4175.207286249935,0.16354402429197
VID1797_F7,57.0,209325,516.2565909522976,0.8277641569123695,3107.844804515672,0.2723405542778516
VID1797_F7,58.0,213510,521.3917674804662,0.831150125542558,3273.0580079512683,0.2504497946489373
VID1797_F7,59.0,205353,511.3350762758212,0.7945806022240967,3008.004184082106,0.2852029700272503
VID1797_F7,60.0,208830,515.6458223694283,0.8523082071856238,2706.270165366338,0.3583112573229587
VID1797_F7,61.0,214155,522.1787191209144,0.8278473379231432,2957.974746830583,0.3075736727912546
VID1797_F7,62.0,229581,540.6584947264247,0.7974525257647807,3825.4793641885776,0.1971396948957323
VID1797_F7,63.0,227169,537.8108906836512,0.8208573926994428,3570.904725039244,0.2238733532560279
VID1797_F7,64.0,219609,528.7862168965303,0.8028258604617157,3484.798123321446,0.2272504490160825
VID1797_F7,65.0,226977,537.5835675923819,0.832668109615173,3310.413347010596,0.2602718906911913
VID1797_F7,66.0,239370,552.064624680169,0.8068261870493898,3993.307791313324,0.188631410756414
VID1797_F7,67.0,233457,545.2033422451085,0.8260017336847878,3494.070201260088,0.2402998566104573
VID1797_F7,68.0,222357,532.084321746729,0.8412289462931857,3023.7442994522835,0.3056120997596589
VID1797_F7,69.0,216456,524.9765127081348,0.8523198443855553,2857.075251893972,0.3332238931108554
VID1797_F7,70.0,230256,541.4527168761273,0.8573183854164728,2841.447834896002,0.3583780854846638
VID1797_F7,71.0,228675,539.5906345483706,0.8785865773256082,2896.3889603929565,0.3425427537730516
VID1797_F7,72.0,229344,540.3793576254936,0.8652857951329938,2897.619407771256,0.3432531751209776
VID1797_F8,0.0,236961,549.279633483701,0.9740338213895214,2147.210244842766,0.6458588229150373
VID1797_F8,1.0,233253,544.9650846871851,0.9577094102720968,2220.281312654632,0.5945947837456992
VID1797_F8,2.0,230583,541.8370547901537,0.9527790059129544,2233.5655839020933,0.5808175506587411
VID1797_F8,3.0,232704,544.3233735731466,0.9419155326365896,2351.636651713959,0.5287778709936656
VID1797_F8,4.0,228522,539.4100918985191,0.9319060435527282,2574.027524679219,0.4334225541696161
VID1797_F8,5.0,243156,556.4133667873402,0.9209268503298818,2708.631601080076,0.4164807880506065
VID1797_F8,6.0,261477,576.9946762654888,0.9326007404395558,2551.737156777347,0.5046281604520955
VID1797_F8,7.0,249756,563.9141918189995,0.910073423579354,2870.6610383315983,0.3808570195202891
VID1797_F8,8.0,254601,569.3575865210871,0.9377672681466094,2427.4356415871825,0.5429683568672015
VID1797_F8,9.0,271842,588.3196276854071,0.9274402101600082,2859.276262020748,0.417844012480805
VID1797_F8,10.0,263115,578.7991212959746,0.932248429511368,2691.347329832613,0.4564739242030896
VID1797_F8,11.0,278538,595.521281157477,0.9370117943093972,2640.477272147525,0.5020297449502329
VID1797_F8,12.0,261105,576.584088687916,0.9028558190035236,2814.3889603929565,0.4142445613623285
VID1797_F8,13.0,284586,601.9519491437843,0.9196717973907956,2909.7026688919414,0.4224021992421432
VID1797_F8,14.0,279186,596.2135989194066,0.918082059342907,2869.288455329568,0.426142724933261
VID1797_F8,15.0,276840,593.703322851138,0.9026027589309876,2892.430590953298,0.4158271220008105
VID1797_F8,16.0,267438,583.5346068271208,0.9224353800624988,2869.3178925810907,0.4082024873730423
VID1797_F8,17.0,270129,586.4630636107996,0.8897207281686105,3513.0996385116114,0.2750427109867128
VID1797_F8,18.0,259638,574.962058675134,0.8776268333327699,3565.8336572273784,0.2565995907241707
VID1797_F8,19.0,242205,555.3242151505552,0.8562807354953209,3081.359523141434,0.3205591823221309
VID1797_F8,20.0,244974,558.489556063452,0.8804698254328238,2957.8031739553294,0.3518773529538569
VID1797_F8,21.0,229782,540.895118362456,0.9031494794102736,2579.6782822743016,0.4339051195292558
VID1797_F8,22.0,221724,531.3264202134684,0.900775143409656,2651.583873865323,0.3962888294608919
VID1797_F8,23.0,240522,553.391472448565,0.9016351654283592,2765.749350086167,0.3951291156412017
VID1797_F8,24.0,226242,536.7124566096568,0.9129729467975206,2452.2640687119283,0.472768601779624
VID1797_F8,25.0,221055,530.5242384297172,0.8954743212697178,2758.110785799904,0.3651630226960154
VID1797_F8,26.0,219783,528.9956586405301,0.9043749125593568,2559.719912834644,0.4215208557259791
VID1797_F8,27.0,227262,537.9209657706256,0.9107675290949312,2705.589970519733,0.3901330362206055
VID1797_F8,28.0,228267,539.1090531219647,0.9108055589914652,2638.648845022779,0.4119929647593222
VID1797_F8,29.0,222210,531.9084124504899,0.8912928378898729,2664.648845022779,0.393272423279227
VID1797_F8,30.0,222915,532.7515303728735,0.9175004836206933,2541.134126397017,0.4338044272951269
VID1797_F8,31.0,224319,534.4266286736159,0.882930150908046,2604.021428024809,0.415706501693808
VID1797_F8,32.0,224886,535.1016242334832,0.9132834360113548,2600.648845022779,0.4178388846348292
VID1797_F8,33.0,225552,535.8933903250771,0.8885457209939963,2899.3889603929565,0.3371658531185298
VID1797_F8,34.0,218073,526.9337408432214,0.8853311572844859,2581.063058585152,0.4113528703749721
VID1797_F8,35.0,224109,534.1764138662925,0.8848445365709209,2901.045814642449,0.3346262348786424
VID1797_F8,36.0,211095,518.434664828529,0.8785448522128535,2805.732106143464,0.3369732348643134
VID1797_F8,37.0,212292,519.9024614587983,0.8899117181015619,2681.797077300919,0.3709297495529454
VID1797_F8,38.0,210453,517.6457107985626,0.8601117373232903,2962.259018078045,0.3013831199542992
VID1797_F8,39.0,203397,508.89400043672936,0.8499772249547634,2827.17575695736,0.31977815379467
VID1797_F8,40.0,199635,504.16582243663066,0.8564754235506609,2717.962553521764,0.3395936885608716
VID1797_F8,41.0,192654,495.27234048693657,0.8455188213453411,3011.673231640418,0.2669145181574514
VID1797_F8,42.0,195567,499.00264332488416,0.8314676008792256,2865.832611206853,0.2992290798302576
VID1797_F8,43.0,196038,499.60317640182376,0.8333496286786742,3085.5016587651644,0.2587608438242835
VID1797_F8,44.0,199281,503.718621568002,0.8249512557592718,3021.0163773909258,0.2743908332668788
VID1797_F8,45.0,204588,510.3817512198858,0.8201103165186159,3293.170706323476,0.2370617759857942
VID1797_F8,46.0,204681,510.4977406962129,0.7927810334610216,3506.638743755012,0.2091728628246139
VID1797_F8,47.0,199452,503.9346918763558,0.7991986055736983,3266.756492761104,0.2348630701289132
VID1797_F8,48.0,203934,509.5653376320064,0.7974956788337153,3659.496608131281,0.1913624857650413
VID1797_F8,49.0,198120,502.2491598827522,0.8148224310596558,3300.856997824492,0.2284992418884807
VID1797_F8,50.0,205575,511.61139491701226,0.8191479188084252,3566.040764008565,0.2031456636155947
VID1797_F8,51.0,193107,495.8542817856604,0.8653879764278832,3003.7026688919414,0.2689639041235766
VID1797_F8,52.0,194601,497.76870998989824,0.8609711315120009,2823.761543394987,0.3066894898219041
VID1797_F8,53.0,200199,504.87749367191526,0.8481031962890004,3131.430590953298,0.2565583702224053
VID1797_F8,54.0,202845,508.2029864648614,0.7938890367424895,3473.655987697715,0.2112518685522977
VID1797_F8,55.0,199263,503.695871933216,0.8099891466502985,3187.3006486383874,0.246484983639405
VID1797_F8,56.0,198951,503.301381544503,0.7914856542703013,3350.655987697716,0.2226877402957782
VID1797_F8,57.0,203274,508.7401057676655,0.8291821333877218,3464.762589415513,0.2127868249122415
VID1797_F8,58.0,210576,517.7969586354786,0.8216477749380573,3364.371716450253,0.233781849012773
VID1797_F8,59.0,206625,512.9162903738807,0.8323966982101205,3108.2590180780453,0.2687560972818281
VID1797_F8,60.0,210288,517.4427479279885,0.824332323275879,3568.111831820431,0.2075618053145518
VID1797_F8,61.0,201345,506.3204678212222,0.8120452675561005,3385.4905114768712,0.2207534560014571
VID1797_F8,62.0,215319,523.5958990794624,0.7965985689868219,3619.5676759431462,0.2065279412696216
VID1797_F8,63.0,206028,512.174771853023,0.8172179493790385,3471.8986283848344,0.214784055399575
VID1797_F8,64.0,217203,525.8815920291484,0.7693367572832728,3897.337228564847,0.1796965385111764
VID1797_F8,65.0,227061,537.683033270635,0.8253102260088252,3658.153462380773,0.2132203093918888
VID1797_F8,66.0,225690,536.0573037010864,0.8103304657542116,3976.508801440101,0.1793569807389717
VID1797_F8,67.0,222885,532.715680197511,0.8285164134608594,3559.040764008565,0.2211183480802029
VID1797_F8,68.0,219432,528.5730789402031,0.841193292902652,3720.467170879758,0.1992117139835154
VID1797_F8,69.0,225153,535.4191845794808,0.8629560498104704,3142.0163773909258,0.2865963883541937
VID1797_F8,70.0,227421,538.1091065046339,0.8597659868060412,3390.4549775709384,0.2486133613936444
VID1797_F8,71.0,235077,547.0917038830947,0.8633046761097176,3521.467170879758,0.2382169806308212
VID1797_F8,72.0,226329,536.8156414639617,0.8733344909417144,3190.3422791987305,0.2794315951817427
VID1797_F9,0.0,1638,45.66800164531175,0.9197080291970804,178.8700576850888,0.6433517214323461
VID1797_F9,1.0,253938,568.6157784576135,0.9786796161405944,2196.695526217005,0.6612989417465829
VID1797_F9,2.0,283221,600.5066003795774,0.97842917105695,2322.837661840736,0.6596257454563054
VID1797_F9,3.0,314061,632.3566119359155,0.9621436317850118,2553.364573775317,0.6053383883076772
VID1797_F9,4.0,282960,600.2298406262902,0.9647525724689564,2425.3940110268395,0.6044638168502203
VID1797_F9,5.0,307626,625.844699736843,0.940709141782487,2845.2762620207486,0.4775117045927324
VID1797_F9,6.0,284289,601.6377622234285,0.9520506886978536,2485.435641587182,0.5783155581281336
VID1797_F9,7.0,243909,557.2742449789051,0.8865388459791004,2673.790980646509,0.4287289217726207
VID1797_F9,8.0,249900,564.0767343449977,0.9263721354379044,2578.506709399048,0.4723235375563732
VID1797_F9,9.0,243192,556.4545546252934,0.9033676812552468,2825.447834896002,0.3828111346202578
VID1797_F9,10.0,256584,571.5705515037728,0.8915079097595975,2918.4600282048214,0.3785575709532817
VID1797_F9,11.0,250314,564.5437834223644,0.9016457807282644,3053.0874452027915,0.337455505230508
VID1797_F9,12.0,252240,566.7115163502481,0.9144332101956548,2592.004184082106,0.4717940128000516
VID1797_F9,13.0,248283,562.2488184829564,0.8941689565633902,2935.596067174143,0.3620464170857898
VID1797_F9,14.0,250725,565.0070661980465,0.8819835792228624,2904.6610383315983,0.3734363463440257
VID1797_F9,15.0,234717,546.672631674207,0.8715236263450642,3161.57272657703,0.2950856272104081
VID1797_F9,16.0,236058,548.2320498211437,0.920666617264498,2609.6782822743016,0.4355666748134502
VID1797_F9,17.0,240120,552.9288195435352,0.9181110129733078,2793.589970519733,0.3866454225980466
VID1797_F9,18.0,231246,542.6154732053145,0.876941629755476,3022.401153701776,0.3181118743206267
VID1797_F9,19.0,233415,545.1542977307965,0.9086078639744952,2734.690475583121,0.3922132576328054
VID1797_F9,20.0,236229,548.4305830396795,0.8824425941075611,2997.3889603929565,0.3304128040855351
VID1797_F9,21.0,234324,546.2147774278194,0.9182226785217464,2513.4650788387053,0.4661019554841828
VID1797_F9,22.0,234483,546.4000623793295,0.930779887345636,2401.4650788387053,0.5109385539576219
VID1797_F9,23.0,227616,538.3397553724217,0.9124312016708024,2610.891485709898,0.4195995435414236
VID1797_F9,24.0,224322,534.4302023221378,0.9003094384755238,2670.489465456345,0.3952755887233231
VID1797_F9,25.0,228093,538.9035419045579,0.897262106132725,2636.7493500861674,0.4122722714477554
VID1797_F9,26.0,221448,530.9956221123789,0.9061996153373982,2572.506709399048,0.4205025115729595
VID1797_F9,27.0,235317,547.3709071081914,0.9240256807963404,2489.193000900063,0.4772500963265336
VID1797_F9,28.0,227451,538.1445973802556,0.9068910658963408,2760.719912834644,0.3750187820360665
VID1797_F9,29.0,221490,531.0459742464782,0.91733658039586,2455.914826307011,0.4614635314419426
VID1797_F9,30.0,220413,529.7532895355266,0.9158270003448692,2633.16356364854,0.3994766469178043
VID1797_F9,31.0,225177,535.4477201042412,0.8939497399658581,2594.193000900063,0.4204644924969566
VID1797_F9,32.0,216093,524.5361312059023,0.932198783486476,2292.364573775317,0.5167532138718473
VID1797_F9,33.0,225291,535.5832430845177,0.8971412187750128,2666.4183976444792,0.3981962010520732
VID1797_F9,34.0,220728,530.1316989487641,0.8887564624973828,2751.1879502661795,0.3664601633508679
VID1797_F9,35.0,214917,523.1068946552386,0.908317484468112,2459.950360212944,0.4463010891893655
VID1797_F9,36.0,220623,530.0055924970092,0.9000722104138024,2697.2640687119283,0.3810778582818427
VID1797_F9,37.0,211752,519.2408112588611,0.8642903498353068,2797.8742417671947,0.3399233552994478
VID1797_F9,38.0,215892,524.2921244802021,0.8657982964115561,2941.489465456345,0.3135536198592631
VID1797_F9,39.0,209961,517.0402770115105,0.8787699957308958,2709.2346314604056,0.3594638816338918
VID1797_F9,40.0,209706,516.7262060010427,0.8778717347622237,2727.246824769225,0.3543005535699395
VID1797_F9,41.0,207591,514.113869032063,0.9057831262217256,2501.1930009000625,0.4169884017652969
VID1797_F9,42.0,210063,517.1658520104576,0.8923131164671599,2767.4183976444792,0.3446749966215537
VID1797_F9,43.0,204042,509.7002483684426,0.8802730010267737,2581.1635636485403,0.3848561084407506
VID1797_F9,44.0,203013,508.4133944885005,0.8933386724869308,2480.2224381515857,0.4147175829069397
VID1797_F9,45.0,211515,518.9501539692016,0.8691873366536812,2660.063058585152,0.3756359692146916
VID1797_F9,46.0,218712,527.7051897680341,0.8378389767203105,2933.761543394987,0.3193249502405159
VID1797_F9,47.0,204945,510.8268576491921,0.8660806727660744,2818.305699272272,0.3242432871792591
VID1797_F9,48.0,194631,497.80707691971344,0.8965741214189964,2374.193000900063,0.433900187036687
VID1797_F9,49.0,205146,511.0772932191761,0.8640200141514202,2705.134126397017,0.3522859403446417
VID1797_F9,50.0,206169,512.3500011696143,0.8584830630217984,2854.9331162702406,0.3178640055663664
VID1797_F9,51.0,216552,525.0929154840017,0.7981983111009543,3403.5199487283944,0.2349175496607002
VID1797_F9,52.0,211827,519.3327575289425,0.8411207160130083,3127.8742417671947,0.2720774899086959
VID1797_F9,53.0,199245,503.6731212708869,0.8542451798783233,2731.1046891454944,0.3356762384711524
VID1797_F9,54.0,212460,520.1081365201209,0.8138514872344909,2988.388960392956,0.2989598000630045
VID1797_F9,55.0,211914,519.4393948123374,0.8353101164784485,2978.447834896002,0.3001853661062312
VID1797_F9,56.0,211287,518.6703805775478,0.8393431030989675,2923.246824769225,0.3107074505890334
VID1797_F9,57.0,210198,517.3320073456133,0.8742695287966825,2632.16356364854,0.381252497632696
VID1797_F9,58.0,214086,522.0945902556088,0.8443575009169825,2792.690475583121,0.3449471206326112
VID1797_F9,59.0,216723,525.3001940354093,0.8467098246203494,2748.5483399593904,0.3605023572534479
VID1797_F9,60.0,214068,522.0726413655161,0.8381839895064508,2765.4772721475247,0.3517397320039679
VID1797_F9,61.0,215973,524.390469206952,0.8377020821050671,2851.2762620207486,0.333834124467786
VID1797_F9,62.0,217776,526.5747953465346,0.8294459086823383,3006.832611206853,0.3026923025487968
VID1797_F9,63.0,216813,525.4092551646429,0.865116891511749,2914.790980646509,0.3206862570742241
VID1797_F9,64.0,226959,537.5622511240422,0.8304178085449696,3143.4894654563445,0.2886245406483696
VID1797_F9,65.0,214116,522.131169688723,0.8566216183777815,2890.619407771256,0.3220157820724684
VID1797_F9,66.0,221274,530.7869695289518,0.8606433997269577,2994.732106143464,0.3100446869302271
VID1797_F9,67.0,217692,526.4732310122587,0.8542669790329986,3042.57272657703,0.2955087858081862
VID1797_F9,68.0,223755,533.7543576704703,0.8191293078832341,3460.833657227379,0.2347584110715068
VID1797_F9,69.0,221301,530.8193520298937,0.8381058061193187,3209.7859300126265,0.2699237522040077
VID1797_F9,70.0,233577,545.3434451248178,0.8330878288007133,3746.881384442131,0.2090740107773558
VID1797_F9,71.0,231945,543.4349512164242,0.8094963878127944,3501.940258945177,0.2376716673760941
VID1797_F9,72.0,219978,529.2302793413767,0.8219635684259692,3420.383909759073,0.2362867689760587
