sample_id,width,temp,contact,neighbor,contact_no,lambda,cm_adhesion,total_area,equivalent_diameter,eccentricity,solidity,perimeter,circularity
0,4,26.23828125,15.35546875,2,7,3.5891608902322973,43.30078125,34723.333333333336,210.26365334891403,0.12881129271892866,0.9844352085488252,734.2852808073741,0.8093593473181869
1,10,26.23828125,15.35546875,2,7,3.5891608902322973,43.30078125,186573.66666666666,487.39402817058635,0.08911662118798225,0.9949701014078737,1633.9870199032914,0.8781423074251404
2,4,9.69921875,15.35546875,2,7,3.5891608902322973,43.30078125,41156.0,228.91095550472008,0.1561823453424812,0.9865244628666586,791.5189027078676,0.8254960349220051
4,4,26.23828125,15.35546875,5,7,3.5891608902322973,43.30078125,29234.555555555555,192.92982580970315,0.18280653635275887,0.9838301361492395,677.572357962549,0.8002511330036417
5,4,26.23828125,15.35546875,2,6,3.5891608902322973,43.30078125,59191.666666666664,274.5240210758962,0.14826443144676094,0.9855576020034736,949.8486365029395,0.8244696857636167
6,4,26.23828125,15.35546875,2,7,7.560930915180215,43.30078125,82609.0,324.3152231929927,0.103620947600172,0.9912716251475177,1104.1896736927517,0.8514350279628751
7,4,26.23828125,15.35546875,2,7,3.5891608902322973,44.06640625,36547.22222222222,215.71143955828146,0.19345925349402998,0.9847998293927215,753.1775567264907,0.8096096373949018
8,10,9.69921875,41.00390625,5,6,7.560930915180215,44.06640625,195466.55555555556,498.8744810926668,0.08523494352421981,0.9862811165279834,1745.8483875342913,0.8058804538640063
9,17,62.73828125,39.85546875,5,4,0.2537920004252804,18.80078125,174753.44444444444,471.7020143506765,0.1440511954958638,0.9321829678582403,2939.087299360334,0.25630228394401566
10,23,62.73828125,39.85546875,5,4,0.2537920004252804,18.80078125,183681.44444444444,483.6015039757106,0.24844745590963813,0.9264819226243165,2878.822091765678,0.2787680842790634
11,17,46.19921875,39.85546875,5,4,0.2537920004252804,18.80078125,175024.88888888888,472.06837387877954,0.14266346294759297,0.9282034457879885,3015.336036701863,0.24338006758958602
12,17,62.73828125,16.50390625,5,4,0.2537920004252804,18.80078125,183117.55555555556,482.85859639824986,0.13464962203741598,0.9777901769360364,1944.5490806096823,0.6086515588248529
13,17,62.73828125,39.85546875,2,4,0.2537920004252804,18.80078125,175693.11111111112,472.96838761204305,0.12824561056662087,0.9135919097158222,3766.3518329702742,0.15830298407016313
14,17,62.73828125,39.85546875,5,3,0.2537920004252804,18.80078125,184587.11111111112,484.7922195230371,0.13397963362612852,0.9449834341657883,2742.695845272559,0.3086721031667754
15,17,62.73828125,39.85546875,5,4,0.534638552220694,18.80078125,183123.44444444444,482.8663146098449,0.14463847156942075,0.9384438490113293,2829.989600204659,0.28752316021039404
16,17,62.73828125,39.85546875,5,4,0.2537920004252804,19.56640625,174714.55555555556,471.6496200634626,0.1510239305042144,0.9371222816184035,2713.969606755829,0.29957558901151676
17,23,46.19921875,16.50390625,2,3,0.534638552220694,19.56640625,193625.66666666666,496.51972586296023,0.24695693121664838,0.9736513119569865,1950.817422844588,0.6394735227207851
18,24,7.98828125,3.10546875,4,2,0.9544109817998928,31.05078125,196238.66666666666,499.85880982223875,0.06863245831935642,0.9924355148984348,1653.360067803334,0.9021125629283113
19,30,7.98828125,3.10546875,4,2,0.9544109817998928,31.05078125,196109.33333333334,499.69406371028384,0.2352514480834825,0.9930549036517241,1648.595469531986,0.9067384740247668
20,24,64.44921875,3.10546875,4,2,0.9544109817998928,31.05078125,196124.11111111112,499.71287922972857,0.0880011887291877,0.9787378432472676,1987.594659381795,0.6240209361939236
21,24,7.98828125,4.25390625,4,2,0.9544109817998928,31.05078125,196232.33333333334,499.85074324775127,0.062663458332765,0.9916064117801741,1652.6664410603205,0.9028401637199421
22,24,7.98828125,3.10546875,4,2,0.9544109817998928,31.05078125,196263.88888888888,499.8909288799145,0.05914844078635088,0.9919838643674781,1652.1522836161016,0.9035472948694614
23,24,7.98828125,3.10546875,4,4,0.9544109817998928,31.05078125,195954.77777777778,499.49711767020995,0.06635817799651994,0.9958120817197474,1653.2383506444999,0.9009394387531935
24,24,7.98828125,3.10546875,4,2,2.010563393164373,31.05078125,196332.77777777778,499.97865504897294,0.06590783784347666,0.9915490646551005,1653.6092501019027,0.9022729699743307
25,24,7.98828125,3.10546875,4,2,0.9544109817998928,31.81640625,196235.66666666666,499.8549882177932,0.06879899766136272,0.9923919090724331,1652.4060915324865,0.9031408452879724
26,30,64.44921875,4.25390625,4,4,2.010563393164373,31.81640625,195998.88888888888,499.5533291921364,0.2143615387482199,0.9898265145988913,1789.4621800687914,0.7692233160026523
27,11,44.48828125,27.60546875,7,6,13.49740954539229,6.55078125,191120.44444444444,493.2971730314722,0.09050493774130813,0.7049995081055548,63271.67894394914,0.0005999409324072556
28,17,44.48828125,27.60546875,7,6,13.49740954539229,6.55078125,194778.11111111112,497.9951734241827,0.12667561516352557,0.7287170679795055,48740.89360014067,0.0010303178059239667
29,11,27.94921875,27.60546875,7,6,13.49740954539229,6.55078125,191092.55555555556,493.2611824547109,0.08993458375154811,0.7151001424210981,60094.602705270554,0.0006649685894916888
30,11,44.48828125,28.75390625,7,6,13.49740954539229,6.55078125,190971.44444444444,493.1048500495587,0.08443546917017623,0.699825865923049,64498.05652460479,0.0005768992653857778
31,11,44.48828125,27.60546875,7,6,13.49740954539229,6.55078125,191149.88888888888,493.3351737791642,0.09483562587159171,0.7045485387723674,63450.8894776425,0.0005966455292163
32,11,44.48828125,27.60546875,7,8,13.49740954539229,6.55078125,188068.66666666666,489.34288767759375,0.09134410868272158,0.6568111125001717,65502.79615855733,0.0005508249494341111
34,11,44.48828125,27.60546875,7,6,13.49740954539229,7.31640625,191148.33333333334,493.3331681995695,0.09116604002880117,0.7229562498603044,58959.20686485662,0.0006910231786754333
35,17,27.94921875,28.75390625,7,8,0.1421683009311962,7.31640625,25533.0,180.24227569404366,0.24979950274987056,0.13221074570468386,8972.474228122162,0.003995786002456489
36,14,17.11328125,45.98046875,6,5,1.8508199720892315,37.17578125,189573.88888888888,491.2972295022629,0.08870217314725848,0.9739436573209548,1828.5496218502526,0.7125746126599438
37,27,17.11328125,45.98046875,6,5,1.8508199720892315,37.17578125,192629.11111111112,495.24034395013376,0.12990890063708083,0.9685409989583612,1920.5442026018884,0.6564434005510577
38,14,73.57421875,45.98046875,6,5,1.8508199720892315,37.17578125,183966.66666666666,483.9768646569636,0.09261620586207676,0.9693144241993878,1911.3945391690982,0.6328169933474126
39,14,17.11328125,22.62890625,6,5,1.8508199720892315,37.17578125,190756.44444444444,492.827195304563,0.08173975792415787,0.9897693673182827,1660.4927197424272,0.869399974360347
40,14,17.11328125,45.98046875,3,5,1.8508199720892315,37.17578125,189734.11111111112,491.5047956438659,0.09254140004690173,0.9748540445440569,1829.0025238997805,0.7128218894760383
41,14,17.11328125,45.98046875,6,7,1.8508199720892315,37.17578125,189298.22222222222,490.93987673270044,0.09198405126443172,0.9825097942786655,1778.9579113843054,0.7517140168776828
42,14,17.11328125,45.98046875,6,5,3.8989397169366624,37.17578125,191996.33333333334,494.42625203214226,0.09177369961193807,0.9779405562001947,1811.9360817057309,0.7350080354528719
43,14,17.11328125,45.98046875,6,5,1.8508199720892315,13.44140625,174789.33333333334,471.75063526726535,0.09217370606734943,0.7407678448540939,46882.862700942525,0.0009993219725628556
44,27,73.57421875,22.62890625,3,7,3.8989397169366624,13.44140625,193868.77777777778,496.8313496005598,0.12283833663507109,0.9477535751825198,2387.4294554919015,0.4277014219675583
45,27,53.61328125,21.48046875,3,1,0.1308727353019792,12.67578125,193228.77777777778,496.0105486844645,0.12254527926308148,0.9320966778797405,3347.2462738516724,0.21683259157601073
46,14,53.61328125,21.48046875,3,1,0.1308727353019792,12.67578125,188925.77777777778,490.4565672715666,0.08869343752128113,0.9311246612603168,3662.224327948595,0.1772279088496725
47,27,37.07421875,21.48046875,3,1,0.1308727353019792,12.67578125,193373.22222222222,496.195919816343,0.14101901788468918,0.9397293080302538,2990.5654580006085,0.2721873102455457
48,27,53.61328125,47.12890625,3,1,0.1308727353019792,12.67578125,191822.44444444444,494.20221915612234,0.12737196170764734,0.8810902066282501,8895.553464688517,0.030618749447325747
49,27,53.61328125,21.48046875,6,1,0.1308727353019792,12.67578125,192341.77777777778,494.8707512339432,0.14117425398685401,0.9308102829753637,3767.8132689674435,0.17078427693561693
50,27,53.61328125,21.48046875,3,4,0.1308727353019792,12.67578125,186441.11111111112,487.2206831219741,0.13709365773187743,0.9421587359916267,2414.6986112983277,0.40214212401732763
51,27,53.61328125,21.48046875,3,1,0.2756966713283472,12.67578125,194008.22222222222,497.0099516964002,0.1288181476288127,0.9311976873790879,3416.8758392922814,0.20931381938373828
52,27,53.61328125,21.48046875,3,1,0.1308727353019792,37.94140625,192998.0,495.7142324696401,0.1403599027261072,0.966499628739161,2180.1398213976618,0.5104958657286731
53,14,37.07421875,47.12890625,6,4,0.2756966713283472,37.94140625,165340.33333333334,458.8220853953705,0.09139289878532783,0.979132961424109,1698.6656474297722,0.7201232549526222
54,21,35.36328125,33.73046875,4,3,0.4921604131772999,49.42578125,192935.88888888888,495.63451300175376,0.1228463643724086,0.9835743126993626,1724.3155914533338,0.815484650479037
55,7,35.36328125,33.73046875,4,3,0.4921604131772999,49.42578125,131762.44444444444,409.5905125009694,0.1519530259053405,0.9841764900110181,1470.963098183664,0.7652579871087305
56,21,18.82421875,33.73046875,4,3,0.4921604131772999,49.42578125,195521.44444444444,498.94450979944463,0.12080444322027553,0.9812446774517701,1713.6440667198456,0.8367055147688555
57,21,35.36328125,34.87890625,4,3,0.4921604131772999,49.42578125,192857.66666666666,495.53401003862905,0.1220480317152986,0.9829472926197345,1729.1625210493435,0.8105487149945563
58,21,35.36328125,33.73046875,5,3,0.4921604131772999,49.42578125,192684.0,495.3108752342507,0.11953780683168364,0.9839023098675432,1718.8114788752953,0.8196148564853226
59,21,35.36328125,33.73046875,4,2,0.4921604131772999,49.42578125,193935.55555555556,496.9168962837864,0.11499665273052553,0.9818644174565515,1770.3013294657633,0.7776728130309079
60,21,35.36328125,33.73046875,4,3,14.6623647592694,49.42578125,196541.33333333334,500.2441374412961,0.12057767840623991,0.9827918396198592,1739.48987395277,0.8162625855782092
61,21,35.36328125,33.73046875,4,3,0.4921604131772999,1.19140625,193158.11111111112,495.91986489943974,0.10958718505053174,0.6203847589993694,64612.088299444695,0.0005814765716803889
62,7,18.82421875,34.87890625,5,2,14.6623647592694,1.19140625,189830.66666666666,491.6298494082807,0.07269515149186362,0.5780691941273126,88150.06709878724,0.00030700427167945556
63,8,71.86328125,9.23046875,1,6,6.960199311784836,24.92578125,191366.77777777778,493.6149584400272,0.06172390684794308,0.9899390878704113,1766.2680203450286,0.7708451167478185
64,20,71.86328125,9.23046875,1,6,6.960199311784836,24.92578125,195596.44444444444,499.04020573051446,0.14820313330834506,0.9887258195553057,1781.5250990671382,0.7744939154129823
65,8,55.32421875,9.23046875,1,6,6.960199311784836,24.92578125,191448.88888888888,493.7208462873618,0.05640350084068532,0.9913542998047308,1724.8535743336497,0.8086739517046835
66,8,71.86328125,10.37890625,1,6,6.960199311784836,24.92578125,190908.11111111112,493.02306122717164,0.06303320933198049,0.9898500280580151,1764.4501992680052,0.7706010315314717
67,8,71.86328125,9.23046875,2,6,6.960199311784836,24.92578125,191113.77777777778,493.28851543842825,0.051348382060205075,0.9899473705028501,1778.3597590117695,0.7595099817525871
68,8,71.86328125,9.23046875,1,5,6.960199311784836,24.92578125,192307.44444444444,494.8266626315144,0.05192681291263215,0.9889110868407224,1791.228558168298,0.7532675388006932
69,8,71.86328125,9.23046875,1,6,1.0367857549510051,24.92578125,178654.22222222222,476.9376737154068,0.0666481252176821,0.9893736407341746,1705.4954293666096,0.7718808717389964
70,8,71.86328125,9.23046875,1,6,6.960199311784836,25.69140625,191337.88888888888,493.5776984333878,0.06724100470509543,0.9901676489688742,1760.491597379342,0.7758440315410868
71,20,55.32421875,10.37890625,2,5,1.0367857549510051,25.69140625,193797.44444444444,496.7399334415683,0.14011886595462925,0.9876104948026855,1766.8313959815662,0.7801542525903016
72,9,3.42578125,36.79296875,3,4,18.79597247655217,34.11328125,195755.33333333334,499.2428581694394,0.0577403914904167,0.984553385222312,1831.99659987146,0.7329635961733094
73,25,3.42578125,36.79296875,3,4,18.79597247655217,34.11328125,194333.88888888888,497.4269716307895,0.15981907564745768,0.9606965849841023,1910.4677884628873,0.6690932098281193
74,9,69.01171875,36.79296875,3,4,18.79597247655217,34.11328125,192880.33333333334,495.5631800361793,0.06658189196323766,0.9833505319070106,1875.9779247741071,0.688772611775645
75,9,3.42578125,25.69140625,3,4,18.79597247655217,34.11328125,195908.66666666666,499.43834605135464,0.055829371353329105,0.9874539865503204,1732.3600279213895,0.8203310294581678
76,9,3.42578125,36.79296875,1,4,18.79597247655217,34.11328125,195753.22222222222,499.2401661222302,0.05785791085019403,0.9848576196093841,1828.110981788296,0.7360864619186259
77,9,3.42578125,36.79296875,3,6,18.79597247655217,34.11328125,195684.77777777778,499.1528797339413,0.0575798056913867,0.9808001569841923,1935.4238168928434,0.6564737718231675
78,9,3.42578125,36.79296875,3,4,0.1979780981198111,34.11328125,124485.11111111111,398.1188116949856,0.14340202510344438,0.9804693836525549,1485.1201167994245,0.7092913533454624
79,9,3.42578125,36.79296875,3,4,18.79597247655217,4.25390625,186160.22222222222,486.8537201167805,0.06374294325488966,0.8107815539582877,49256.2063178467,0.0009643795454254222
80,25,69.01171875,25.69140625,1,6,0.1979780981198111,4.25390625,176152.66666666666,473.5867994596066,0.14489187536458226,0.7260650836304205,34485.47908570269,0.0018614135795683886
81,22,39.92578125,12.29296875,6,8,1.3290759597165742,9.61328125,193713.11111111112,496.6318421124411,0.07599043522070584,0.9615241221540575,2076.058516152554,0.5651190518405325
82,12,39.92578125,12.29296875,6,8,1.3290759597165742,9.61328125,178301.55555555556,476.46671091041367,0.06368119043763583,0.9747542796786074,1943.0322135412814,0.5935750067811285
83,22,32.51171875,12.29296875,6,8,1.3290759597165742,9.61328125,193748.77777777778,496.67756090678057,0.08865867330264204,0.960956737359134,2038.7886829400825,0.5858363152070324
84,22,39.92578125,1.19140625,6,8,1.3290759597165742,9.61328125,196330.0,499.9751121281957,0.10669276333354444,0.9908418388105518,1841.3906872408584,0.7277570092663272
85,22,39.92578125,12.29296875,4,8,1.3290759597165742,9.61328125,193753.88888888888,496.68411047988747,0.07260108104578893,0.9619623931663445,2076.0932564279387,0.5650756857152134
86,22,39.92578125,12.29296875,6,2,1.3290759597165742,9.61328125,196591.88888888888,500.30846070950366,0.10016929497928768,0.9558441114536989,2672.6862453634185,0.3461960931938797
87,22,39.92578125,12.29296875,6,8,2.799833114138683,9.61328125,195426.0,498.8227225985426,0.09752134051777935,0.9636447717192236,2087.122364946925,0.5639582793500979
88,22,39.92578125,12.29296875,6,8,1.3290759597165742,28.75390625,193241.55555555556,496.0269951883377,0.08653433767541549,0.9920606517513105,1683.9066045722636,0.8564087306784661
89,12,32.51171875,1.19140625,4,2,2.799833114138683,28.75390625,195460.77777777778,498.86709604203384,0.09671588043477276,0.9871731820617876,1801.8101838861207,0.7566139482642757
90,29,21.67578125,49.04296875,1,6,0.353420961164444,46.36328125,196424.0,500.094794130242,0.10713794282735149,0.960755059888743,1929.2291558104548,0.6632326897536613
91,6,21.67578125,49.04296875,1,6,0.353420961164444,46.36328125,3611.3333333333335,67.7448220038022,0.35967126466395016,0.9381851726741461,261.09783532115046,0.6650983508294497
92,29,14.26171875,49.04296875,1,6,0.353420961164444,46.36328125,196598.66666666666,500.3170952206002,0.10846935838806775,0.9583718690733443,1958.1799575591083,0.644305454033572
93,29,21.67578125,13.44140625,1,6,0.353420961164444,46.36328125,195469.88888888888,498.87872373139385,0.10106845407755441,0.9921385390947345,1652.2293318578743,0.8998089819029741
94,29,21.67578125,49.04296875,6,6,0.353420961164444,46.36328125,196383.88888888888,500.0437284054294,0.10691049899237041,0.9614799740324607,1922.3957743353558,0.6679492288414385
95,29,21.67578125,49.04296875,1,4,0.353420961164444,46.36328125,194692.0,497.88503104282495,0.10796097078447912,0.9730270490389111,1798.7734877351584,0.7561716673402551
96,29,21.67578125,49.04296875,1,6,0.7445170481527235,46.36328125,197243.44444444444,501.1368580947727,0.10754452460067157,0.9628966432214392,1892.4481072269523,0.6922822360033698
97,29,21.67578125,49.04296875,1,6,0.353420961164444,16.50390625,178604.22222222222,476.8709839179801,0.11423549455126279,0.8020757220063613,24177.13150738772,0.0038396558984983
98,6,14.26171875,13.44140625,6,4,0.7445170481527235,16.50390625,101417.44444444444,359.3436063898382,0.13667687972392284,0.9872835696839781,1266.6696719841011,0.7943597332699321
99,16,58.17578125,24.54296875,4,3,4.998127165056916,21.86328125,196086.77777777778,499.6653178046164,0.057854349156974454,0.9716317606167283,2103.164324239804,0.5572188807829785
100,19,58.17578125,24.54296875,4,3,4.998127165056916,21.86328125,196290.0,499.9241802426207,0.09987984225243209,0.9703891160704382,2096.2117027810477,0.5615035404697184
101,16,50.76171875,24.54296875,4,3,4.998127165056916,21.86328125,196069.88888888888,499.6438033039328,0.0684962760913746,0.9734992924089426,2050.770625425859,0.5860746370306674
102,16,58.17578125,37.94140625,4,3,4.998127165056916,21.86328125,195805.66666666666,499.3070318868456,0.06539505401248885,0.9613949752742772,2374.5345861731057,0.4368747602604756
103,16,58.17578125,24.54296875,3,3,4.998127165056916,21.86328125,196168.0,499.7687976816096,0.07232383364823979,0.971455011554669,2094.204135090044,0.5622364015992392
104,16,58.17578125,24.54296875,4,7,4.998127165056916,21.86328125,193570.0,496.4483517850856,0.07329562028339072,0.9787084691036969,1889.4861017884189,0.6813917868564997
105,16,58.17578125,24.54296875,4,3,10.52906106915564,21.86328125,196517.22222222222,500.21345085977475,0.06434951060434763,0.9733219684299778,2098.893368664247,0.5607753185883283
106,16,58.17578125,24.54296875,4,3,4.998127165056916,41.00390625,195966.22222222222,499.5117028114071,0.0688898084247973,0.985095333757367,1818.2886712589318,0.744885192680798
107,19,50.76171875,37.94140625,3,7,10.52906106915564,41.00390625,195340.55555555556,498.71366333839666,0.09060720400026662,0.9869983742619195,1744.262929829201,0.8068455662286392
108,12,30.80078125,6.16796875,5,2,9.692505384508047,40.23828125,195714.66666666666,499.19099703746764,0.0642741783964857,0.9892957000898797,1740.4705214493717,0.8119128702785873
109,9,30.80078125,6.16796875,5,2,9.692505384508047,40.23828125,195353.55555555556,498.7302563491135,0.08187246922830972,0.9893370345058058,1737.9538868299765,0.8127974260515373
110,12,5.13671875,6.16796875,5,2,9.692505384508047,40.23828125,195850.88888888888,499.364692673289,0.0434811827287544,0.9934676891555271,1643.574818618083,0.9110800239841575
111,12,30.80078125,7.31640625,5,2,9.692505384508047,40.23828125,195696.22222222222,499.16747376801777,0.07373708125893702,0.9889794031032481,1743.598780219655,0.8089842543115702
112,12,30.80078125,6.16796875,7,2,9.692505384508047,40.23828125,195647.11111111112,499.10482779152176,0.07177004527633402,0.9894646808426482,1740.202043048991,0.811934353618442
113,12,30.80078125,6.16796875,5,7,9.692505384508047,40.23828125,194654.0,497.83648639048283,0.0574745659468971,0.9966520266381499,1646.2316728675753,0.9025990057725161
114,12,30.80078125,6.16796875,5,2,0.3839245618751841,40.23828125,190460.11111111112,492.4441390166069,0.08926720357495417,0.9892125429476051,1717.963466798145,0.8109655121055922
115,12,30.80078125,6.16796875,5,2,9.692505384508047,34.87890625,195722.11111111112,499.20048792492446,0.06653378290444155,0.9880113596864023,1768.6601518388493,0.7862688500708562
116,9,5.13671875,7.31640625,7,7,0.3839245618751841,34.87890625,185767.44444444444,486.339814740856,0.05785016249753946,0.9953192255849633,1622.2157837369632,0.8870809627237116
117,25,67.30078125,30.66796875,2,5,0.6853636284072767,15.73828125,190463.0,492.44796585705546,0.16446775408594236,0.9240670955610099,2839.8551484964346,0.29717408838495196
118,22,67.30078125,30.66796875,2,5,0.6853636284072767,15.73828125,191211.11111111112,493.4141165190988,0.08229363971471777,0.9302639446805916,2792.404491173077,0.3087027440089028
119,25,41.63671875,30.66796875,2,5,0.6853636284072767,15.73828125,190366.11111111112,492.3227101294037,0.1718095426654875,0.9236270505348619,2783.8537936843436,0.30904878142880154
120,25,67.30078125,31.81640625,2,5,0.6853636284072767,15.73828125,190280.55555555556,492.21204651855743,0.16069136068600212,0.9224726140934624,2946.296787033166,0.27570768107655097
121,25,67.30078125,30.66796875,4,5,0.6853636284072767,15.73828125,190312.77777777778,492.25373651014917,0.15094207876854146,0.9296855878605168,2708.9895802636865,0.32658520114357603
122,25,67.30078125,30.66796875,2,3,0.6853636284072767,15.73828125,192885.0,495.56913396533855,0.1643749085101544,0.9347599245482301,2779.675659256668,0.31395387237617034
123,25,67.30078125,30.66796875,2,5,5.429513223320338,15.73828125,193882.0,496.84829482056307,0.16318309086662044,0.9299492761762226,2783.4861650326657,0.31527742751446103
124,25,67.30078125,30.66796875,2,5,0.6853636284072767,10.37890625,187897.77777777778,489.12047864359295,0.1539987230129288,0.8004485573367438,24335.189098926603,0.003988431285333189
125,22,41.63671875,31.81640625,4,3,5.429513223320338,10.37890625,196568.88888888888,500.2792003728625,0.08677991791655927,0.8674065122206098,15441.325601619921,0.010378821771587622
126,19,12.55078125,18.41796875,6,7,0.1822483286436874,27.98828125,184582.33333333334,484.7859767684343,0.092064159988146,0.9912496382049051,1646.0940665781295,0.8560375615148733
127,28,12.55078125,18.41796875,6,7,0.1822483286436874,27.98828125,193233.55555555556,496.0167161076017,0.11426015801709795,0.9886387681811976,1688.739192416814,0.8514738396502118
128,19,59.88671875,18.41796875,6,7,0.1822483286436874,27.98828125,171245.66666666666,466.94391863956866,0.10550948509402373,0.9872431586823198,1661.1390841686998,0.779902585111691
129,19,12.55078125,44.06640625,6,7,0.1822483286436874,27.98828125,165771.77777777778,459.41758823104897,0.18594919666517204,0.9604305604918815,1854.0854164059845,0.6060561326692337
130,19,12.55078125,18.41796875,2,7,0.1822483286436874,27.98828125,184695.0,484.9339415219196,0.09349367587173457,0.9910338974178631,1647.3846469880348,0.8552240034503228
131,19,12.55078125,18.41796875,6,1,0.1822483286436874,27.98828125,194277.88888888888,497.3552719347496,0.09297129912727194,0.9808469150846819,1819.8266706588897,0.7372497629386727
132,19,12.55078125,18.41796875,6,7,0.1020912211078597,27.98828125,179107.33333333334,477.5421089620008,0.10353913606823466,0.9900955592114349,1626.908616849428,0.850354208849866
133,19,12.55078125,18.41796875,6,7,0.1822483286436874,47.12890625,187776.0,488.9619516609495,0.09968442712266404,0.9948720200639991,1633.1169622182028,0.8847400638816464
134,28,59.88671875,44.06640625,2,1,0.1020912211078597,47.12890625,196888.44444444444,500.68560628389474,0.15004527098198125,0.9588514012164988,2244.3971325687767,0.4913808432385785
135,6,49.05078125,42.91796875,3,3,2.577380580877318,3.48828125,139037.33333333334,420.74661375783876,0.06413850348990194,0.4571407701559147,96950.84610606264,0.00018588399044543335
136,15,49.05078125,42.91796875,3,3,2.577380580877318,3.48828125,192301.22222222222,494.81866798227213,0.08643773246802117,0.675143368371417,63494.73188474689,0.0005994093468538444
137,6,23.38671875,42.91796875,3,3,2.577380580877318,3.48828125,145990.22222222222,431.13854045252606,0.0553328466282379,0.5245511057087904,97601.09881898659,0.0001925864525390889
138,6,49.05078125,19.56640625,3,3,2.577380580877318,3.48828125,158708.0,449.52548253429427,0.07109060648202228,0.5446707514147353,86536.73766127245,0.0002663306807040556
139,6,49.05078125,42.91796875,5,3,2.577380580877318,3.48828125,136438.88888888888,416.7964775612322,0.07865422395374738,0.39744926355931026,98026.72371433208,0.00017842744773204444
140,6,49.05078125,42.91796875,3,5,2.577380580877318,3.48828125,104538.11111111111,364.8309186232043,0.08380342054239232,0.3723889724373727,75673.97773299547,0.00022940273345801112
141,6,49.05078125,42.91796875,3,3,1.4437878948996556,3.48828125,105223.22222222222,366.0249332238442,0.10065377423334916,0.3537462171545335,76266.2489045004,0.00022733489093173333
142,6,49.05078125,42.91796875,3,3,2.577380580877318,22.62890625,177323.77777777778,475.15831936338225,0.06413088665456297,0.9361788621512823,3196.5494725864655,0.21984578982365155
143,15,23.38671875,19.56640625,5,5,1.4437878948996556,22.62890625,190583.33333333334,492.6035214624338,0.09358468000914126,0.9826109705860318,1740.477527958833,0.7906099993431872
144,7,14.83203125,10.76171875,5,6,0.580782959920157,17.26953125,115550.88888888889,383.5657599124895,0.15007724037558268,0.9878439271861925,1330.6622404585723,0.8200923084639528
145,27,14.83203125,10.76171875,5,6,0.580782959920157,17.26953125,192809.55555555556,495.47224549661286,0.13446112917700148,0.9911824678226022,1658.2210668198525,0.8811718800838307
146,7,30.23046875,10.76171875,5,6,0.580782959920157,17.26953125,92215.33333333333,342.65316836406345,0.14677674089894144,0.9867139964421943,1220.3471572065243,0.7781289310987491
148,7,14.83203125,10.76171875,5,6,0.580782959920157,17.26953125,115347.77777777778,383.22856902078286,0.1679799126489252,0.9886971045589511,1328.0862664381195,0.8218181534940843
149,7,14.83203125,10.76171875,5,7,0.580782959920157,17.26953125,57611.666666666664,270.8361166220201,0.164972449515973,0.9868609979257759,953.2338777118015,0.796773802643831
150,7,14.83203125,10.76171875,5,6,1.223478125101819,17.26953125,171714.55555555556,467.58285351343665,0.08701955321523763,0.9925328161026142,1575.3103083704448,0.8695440882412615
151,7,14.83203125,10.76171875,5,6,0.580782959920157,14.97265625,103739.0,363.4335640411174,0.1428938648127428,0.9879571322177587,1265.5686057391702,0.8139375270562832
152,27,30.23046875,48.66015625,5,7,1.223478125101819,14.97265625,188594.55555555556,490.02656707968225,0.1277852116931858,0.7732715325943083,26977.963203657884,0.003256283160313711
153,20,51.33203125,35.26171875,2,2,8.213511387142757,41.76953125,195825.44444444444,499.33225104998223,0.15100269929889423,0.9754571571770061,1905.7947596535205,0.6775607845357621
154,14,51.33203125,35.26171875,2,2,8.213511387142757,41.76953125,195252.77777777778,498.60160154115715,0.076840857056414,0.9779384551709066,1904.873046482881,0.6764038706202661
155,20,66.73046875,35.26171875,2,2,8.213511387142757,41.76953125,195807.22222222222,499.3090187159713,0.14221823268363787,0.9710844522556302,1978.5446874408724,0.6286891059961001
156,20,51.33203125,24.16015625,2,2,8.213511387142757,41.76953125,195858.0,499.37375780379,0.14232934253427507,0.9787734929726608,1867.6808226937242,0.7056063422606748
157,20,51.33203125,35.26171875,2,2,8.213511387142757,41.76953125,195819.33333333334,499.32446018027844,0.14020838329359292,0.9752763244283348,1909.6041231254608,0.674866337872167
158,20,51.33203125,35.26171875,2,3,8.213511387142757,41.76953125,195688.0,499.1569853323124,0.13623266936994285,0.9804917424675996,1811.3828472189043,0.7495154907578664
159,20,51.33203125,35.26171875,2,2,17.302593577857987,41.76953125,195908.88888888888,499.4386283875008,0.14047833205408367,0.9741580351509628,1910.6804939611875,0.6744869853660285
160,20,51.33203125,35.26171875,2,2,8.213511387142757,39.47265625,195807.55555555556,499.309444344655,0.15107325775590683,0.9743976401367228,1932.0481226128659,0.6592952044288494
161,14,66.73046875,24.16015625,2,3,17.302593577857987,39.47265625,195474.77777777778,498.88497129401617,0.0871096882797149,0.9839415379011539,1840.443561373025,0.7252517005155997
162,26,33.08203125,23.01171875,6,4,2.184094195487613,5.01953125,196608.88888888888,500.33010136531243,0.07712372111849893,0.7609037417425881,35475.36350224589,0.0019632167587958224
163,8,33.08203125,23.01171875,6,4,2.184094195487613,5.01953125,161723.33333333334,453.7758302656981,0.06140835700568186,0.6162093598087579,82139.38665839333,0.00030122644577352224
164,26,48.48046875,23.01171875,6,4,2.184094195487613,5.01953125,196443.88888888888,500.1201108030985,0.08049037547032539,0.7523228243137005,38387.64013972378,0.0016752239378152222
165,26,33.08203125,11.91015625,6,4,2.184094195487613,5.01953125,197035.44444444444,500.8725540416897,0.08490390553292355,0.9214860755345692,3529.5387138536253,0.1995216318201875
166,26,33.08203125,23.01171875,3,4,2.184094195487613,5.01953125,196605.11111111112,500.32529216302163,0.06880237607618209,0.7665291981792612,33949.957410713396,0.0021435344140519333
167,26,33.08203125,23.01171875,6,2,2.184094195487613,5.01953125,197013.77777777778,500.8450154452391,0.09691772057921258,0.8161859509730998,28475.321844314905,0.0030573500585353
168,26,33.08203125,23.01171875,6,4,0.3253409346365476,5.01953125,191829.44444444444,494.21130077201684,0.08259236135947912,0.7584573056816539,34839.765094062044,0.001986022851315411
169,26,33.08203125,23.01171875,6,4,2.184094195487613,2.72265625,196898.66666666666,500.69867849729263,0.08430669084696324,0.7047695484326356,41538.81191885142,0.0014340757227878777
170,8,48.48046875,11.91015625,3,2,0.3253409346365476,2.72265625,139880.44444444444,422.02000892458136,0.09766637994715446,0.4916332249618916,71219.8678177557,0.00034657373644976665
172,21,69.58203125,47.51171875,3,8,0.1544387816379468,29.51953125,96459.33333333333,350.4381920837818,0.21132567011597148,0.9671011994960342,1437.6853685476515,0.5865758895577422
174,13,69.58203125,36.41015625,3,8,0.1544387816379468,29.51953125,18207.555555555555,152.25175797934205,0.2697689090684994,0.9590311424525181,590.8214040956427,0.6555710225582705
176,13,69.58203125,47.51171875,3,5,0.1544387816379468,29.51953125,46386.444444444445,243.02239402670705,0.23654801256147628,0.9570153509100692,1048.9940628733673,0.5302985703313123
177,13,69.58203125,47.51171875,3,8,4.601015621581442,29.51953125,181931.77777777778,481.2927355319564,0.11305745292798355,0.9584128130628274,2093.94773377398,0.5218396249341075
179,21,11.98046875,36.41015625,6,5,4.601015621581442,27.22265625,195342.77777777778,498.71650118299215,0.11866169943738633,0.9639948274097736,1992.5401780475595,0.6185670883032836
180,16,23.95703125,29.13671875,4,7,1.126270256909828,11.14453125,174517.55555555556,471.38371029134095,0.05119363627926702,0.7390117475371941,38800.204245159606,0.0014569140874893668
182,16,39.35546875,29.13671875,4,7,1.126270256909828,11.14453125,174845.44444444444,471.82628680484777,0.07340636074711698,0.7421896961761872,36758.061595078936,0.0016265858588831999
183,16,23.95703125,18.03515625,4,7,1.126270256909828,11.14453125,187533.55555555556,488.6462217048712,0.06827185336301107,0.9558187184081388,2152.4319890686643,0.5091505232724487
184,16,23.95703125,29.13671875,3,7,1.126270256909828,11.14453125,174432.77777777778,471.2691994908098,0.05938459955648238,0.739366632245145,38101.36754615418,0.0015104253726990666
185,16,23.95703125,29.13671875,4,6,1.126270256909828,11.14453125,181292.44444444444,480.446316374331,0.04958497188979303,0.7786009219214474,33714.415694963674,0.0020049978322668775
187,16,23.95703125,29.13671875,4,7,1.126270256909828,45.59765625,188017.11111111112,489.2758039630839,0.05074301738798034,0.9921201038628331,1655.5055705163204,0.862080890964093
188,5,39.35546875,18.03515625,3,6,0.1677683218944602,45.59765625,83358.88888888889,325.78345358559295,0.1321439788294836,0.9871519366652692,1127.9266145407355,0.8233906956000419
189,29,60.45703125,4.63671875,7,3,15.92786672219309,35.64453125,198452.11111111112,502.669946421362,0.11908575796482451,0.984790705872205,1851.808151667984,0.7273113336625182
190,18,60.45703125,4.63671875,7,3,15.92786672219309,35.64453125,195620.0,499.0702540436296,0.13778566776893747,0.9872423052744213,1828.8855286422934,0.7350525013952977
191,29,2.85546875,4.63671875,7,3,15.92786672219309,35.64453125,198476.0,502.7002007961602,0.11162437837652056,0.9501221020988818,1925.9606939297164,0.6724041291717898
192,29,60.45703125,42.53515625,7,3,15.92786672219309,35.64453125,198400.0,502.60394481775984,0.11981946273894699,0.9657674192660541,2023.1368793244737,0.6091729246911302
193,29,60.45703125,4.63671875,6,3,15.92786672219309,35.64453125,198464.77777777778,502.685987788584,0.1112508654989488,0.9847142646896122,1844.3182446759295,0.7332664106637199
194,29,60.45703125,4.63671875,7,2,15.92786672219309,35.64453125,198454.0,502.67233855167,0.11388598551215288,0.9798302781059682,1957.7372399625658,0.6508785576677865
195,29,60.45703125,4.63671875,7,3,2.372602361597207,35.64453125,198317.77777777778,502.4997826711645,0.11571934538295829,0.986131881593498,1846.5452087404706,0.7310142263894289
196,29,60.45703125,4.63671875,7,3,15.92786672219309,21.09765625,198462.66666666666,502.6833146251608,0.12329049807814628,0.9785367181355051,2046.750110677431,0.5956509633755902
197,18,2.85546875,42.53515625,6,2,2.372602361597207,21.09765625,195395.77777777778,498.78415255337654,0.14470632253745186,0.964128084038033,2231.9000629608145,0.4929345336014836
198,23,5.70703125,41.38671875,2,1,4.235455411786306,23.39453125,195178.44444444444,498.5066837265732,0.24563321390904772,0.9587616235866031,1989.825003633904,0.6195043669552227
199,24,5.70703125,41.38671875,2,1,4.235455411786306,23.39453125,196398.22222222222,500.0619791525772,0.013293607187837779,0.9507887167303193,2029.456368843644,0.5992533652364959
200,23,21.10546875,41.38671875,2,1,4.235455411786306,23.39453125,195118.66666666666,498.4303365596918,0.240489791221463,0.9505841345827313,2446.2485715580997,0.4104836946553164
201,23,5.70703125,30.28515625,2,1,4.235455411786306,23.39453125,195191.66666666666,498.52356889852155,0.24532567916793763,0.9612328377804596,1918.5988132589393,0.6663804500749095
202,23,5.70703125,41.38671875,4,1,4.235455411786306,23.39453125,195177.44444444444,498.50540666076034,0.24550456006149013,0.9591893970913622,1986.7612710640367,0.6213969482227584
203,23,5.70703125,41.38671875,2,4,4.235455411786306,23.39453125,194911.88888888888,498.16616152865583,0.24545781562592608,0.9584528000113143,2191.35689328114,0.510070919285941
204,23,5.70703125,41.38671875,2,1,0.6309100702382209,23.39453125,195083.0,498.38478082158804,0.24556084671205491,0.9582865440375667,2023.137028588261,0.5990215906300129
205,23,5.70703125,41.38671875,2,1,4.235455411786306,33.34765625,195187.77777777778,498.51860275909644,0.24553511591188043,0.9561559371265371,1945.3550103267908,0.6481501951304178
206,24,21.10546875,30.28515625,4,4,0.6309100702382209,33.34765625,192599.88888888888,495.20277049456723,0.06090382963085444,0.9798144483872692,1734.3655833352288,0.8046563576256501
207,10,42.20703125,16.88671875,5,5,0.2994919243087359,47.89453125,164549.0,457.7227685302117,0.08200223849430491,0.9929502977142651,1550.6316808439642,0.8599846233843317
208,11,42.20703125,16.88671875,5,5,0.2994919243087359,47.89453125,170530.33333333334,465.9676065080435,0.09165946293866606,0.9928147401949666,1573.8250269962061,0.8651766064650482
209,10,57.60546875,16.88671875,5,5,0.2994919243087359,47.89453125,159417.0,450.5280079683299,0.1116867806976009,0.9920457364228521,1547.3781053765856,0.8366948484183718
210,10,42.20703125,5.78515625,5,5,0.2994919243087359,47.89453125,178920.0,477.2923009294495,0.08334158617223081,0.9943162274805414,1603.340771701522,0.8746220949287618
211,10,42.20703125,16.88671875,1,5,0.2994919243087359,47.89453125,168971.88888888888,463.8334336982359,0.09797304957309355,0.9929642882644342,1565.51211212777,0.8663908772639766
212,10,42.20703125,16.88671875,5,8,0.2994919243087359,47.89453125,112204.55555555556,377.9716544545905,0.119812472089867,0.9926921897180989,1286.1421988679774,0.8524028928409373
213,10,42.20703125,16.88671875,5,5,8.922415779686538,47.89453125,192761.66666666666,495.4107091553345,0.08924790783294687,0.9935201151190167,1664.8597872125627,0.8739434328833544
214,10,42.20703125,16.88671875,5,5,0.2994919243087359,8.84765625,79365.66666666667,317.8647013493157,0.2457896971684167,0.9096801097563814,2035.936798993721,0.24100327396338164
215,11,57.60546875,5.78515625,1,8,8.922415779686538,8.84765625,194178.44444444444,497.22798320763053,0.096774730513749,0.9859066205366879,1902.757057363976,0.6740691821739373
222,8,37.64453125,38.32421875,6,3,1.703768496298455,8.08203125,159295.11111111112,450.3563218776302,0.06431247028507248,0.6322651022322924,80566.95784726819,0.00030839269877406666
223,8,37.64453125,38.32421875,6,3,0.110902667476195,36.41015625,74845.55555555556,308.69910821372196,0.15697284322585137,0.9763133425668931,1176.262541273748,0.6799410198922047
224,6,43.91796875,33.34765625,1,6,1.703768496298455,36.41015625,24135.555555555555,175.29719279576796,0.23279211552522394,0.9696616051174076,662.3470774426356,0.6915662420788214
225,21,74.14453125,13.82421875,3,6,1.5684005644818857,32.58203125,194430.77777777778,497.55094566394774,0.12769776145599,0.9887430402355135,1766.7329031953423,0.7828128877449951
226,19,74.14453125,13.82421875,3,6,1.5684005644818857,32.58203125,193794.33333333334,496.7359421222341,0.09271820996117174,0.9896658057123164,1758.037689191232,0.7879948666584313
227,21,7.41796875,13.82421875,3,6,1.5684005644818857,32.58203125,196407.55555555556,500.0738606786005,0.12240974065893687,0.9865959693558275,1654.2797487558366,0.9018842885796974
228,21,74.14453125,8.84765625,3,6,1.5684005644818857,32.58203125,195084.11111111112,498.3861642748538,0.12536138562117657,0.9908582106745318,1753.0228061992025,0.7977723185916417
229,21,74.14453125,13.82421875,4,6,1.5684005644818857,32.58203125,194443.11111111112,497.56673016949924,0.11743895878922953,0.9889941070832884,1772.3852480515218,0.7778665655949649
230,21,74.14453125,13.82421875,3,3,1.5684005644818857,32.58203125,195910.88888888888,499.44116717051685,0.1261548936559148,0.9810130461140064,1908.885548583265,0.6757237931024124
231,21,74.14453125,13.82421875,3,6,0.1204746257304645,32.58203125,181359.77777777778,480.53545622653354,0.14080103768007507,0.9885621627735447,1702.4309231071654,0.7863880458882073
232,21,74.14453125,13.82421875,3,6,1.5684005644818857,11.91015625,194783.88888888888,498.0025348556662,0.12067178962778387,0.9680670624313092,2159.0082154790953,0.5251466574139755
233,19,7.41796875,8.84765625,4,3,0.1204746257304645,11.91015625,192818.77777777778,495.48407213525905,0.09401457840164903,0.985497476938899,1714.6634591051882,0.8241479740039757
234,28,19.39453125,26.07421875,5,8,5.898132013989025,20.33203125,198407.0,502.612811094155,0.129682353658665,0.9688472819694101,1884.3854805005276,0.7022851405930205
235,26,19.39453125,26.07421875,5,8,5.898132013989025,20.33203125,196506.44444444444,500.199735033073,0.0784354283279436,0.9673012565124994,1880.5017784109975,0.698423384880175
236,28,25.66796875,26.07421875,5,8,5.898132013989025,20.33203125,198394.55555555556,502.5970475630048,0.12102898022430263,0.9641338316485685,1915.0943389090799,0.6799985637708628
237,28,19.39453125,21.09765625,5,8,5.898132013989025,20.33203125,198521.66666666666,502.7580295445536,0.12708053801535743,0.9815298507393767,1774.4620638442884,0.792329955387704
238,28,19.39453125,26.07421875,6,8,5.898132013989025,20.33203125,198407.33333333334,502.6132330004667,0.1258299060484522,0.9677571782218044,1883.7673147381897,0.7028726761508663
239,28,19.39453125,26.07421875,5,1,5.898132013989025,20.33203125,199095.88888888888,503.48461627976434,0.12014576976840778,0.9612957199562115,2178.0112139538696,0.5276551593970166
240,28,19.39453125,26.07421875,5,8,6.407197077083124,20.33203125,198464.66666666666,502.68584724674446,0.12906620205392602,0.9685743787160769,1889.2604925359692,0.6989367189267395
241,28,19.39453125,26.07421875,5,8,5.898132013989025,48.66015625,198374.33333333334,502.5714329398193,0.12925298759009216,0.9926667167088709,1676.3121280805478,0.8871315105739586
242,26,25.66796875,21.09765625,6,1,6.407197077083124,48.66015625,197356.66666666666,501.28067148763694,0.0977878502081224,0.9769132053798982,1852.502492277657,0.7227366294942345
243,15,55.89453125,1.57421875,2,4,0.4170609143425109,44.83203125,193022.88888888888,495.74616867638156,0.11696888895775216,0.9931801018605688,1693.3652546026924,0.8459127951421083
244,13,55.89453125,1.57421875,2,4,0.4170609143425109,44.83203125,191740.55555555556,494.09675178917433,0.12559540874039365,0.9930491156802054,1685.6939623182097,0.8479511709933865
245,15,62.16796875,1.57421875,2,4,0.4170609143425109,44.83203125,193043.44444444444,495.77260046678174,0.1340313640842703,0.9925539901192217,1703.2398216810939,0.8362423198998552
246,15,55.89453125,45.59765625,2,4,0.4170609143425109,44.83203125,176795.55555555556,474.4501842489529,0.11082875158656483,0.9772722561294136,1738.2320414820563,0.735363327472694
247,15,55.89453125,1.57421875,3,4,0.4170609143425109,44.83203125,192530.88888888888,495.1139899776212,0.10036790069174586,0.9931789097685869,1688.0981310144025,0.8490312793589775
248,15,55.89453125,1.57421875,2,5,0.4170609143425109,44.83203125,192359.88888888888,494.894093094172,0.11228271016397032,0.9937605983535176,1673.2794200233,0.8633669435694584
249,15,55.89453125,1.57421875,2,4,0.4530572501604104,44.83203125,193327.77777777778,496.1376001134161,0.09500124293879467,0.993106395260881,1695.8938500819013,0.8447335644552293
250,15,55.89453125,1.57421875,2,4,0.4170609143425109,24.16015625,193544.66666666666,496.4158273908588,0.11025765009401228,0.9899834834260999,1772.8987280896952,0.77381342970291
251,13,62.16796875,45.59765625,3,5,0.4530572501604104,24.16015625,161557.88888888888,453.54306962131864,0.10931593861068617,0.9284672605395787,2696.8626763054945,0.28061139541726454
252,12,10.26953125,19.94921875,1,4,0.2150654967693455,14.20703125,176574.88888888888,474.1539628623362,0.08107019944277179,0.9707477661358932,1857.1416775683792,0.6434739429803735
253,29,10.26953125,19.94921875,1,4,0.2150654967693455,14.20703125,194578.0,497.73927321904443,0.11193886824726539,0.9512562619540534,2080.5759808631124,0.5649420999956601
254,12,34.79296875,19.94921875,1,4,0.2150654967693455,14.20703125,169466.22222222222,464.51158352969065,0.09375692680947753,0.9711659314596243,1905.855297760222,0.5864159448503474
255,12,10.26953125,2.72265625,1,4,0.2150654967693455,14.20703125,188867.55555555556,490.3810593352861,0.06384922052853342,0.9945348726325199,1643.53533650038,0.8786411429044625
256,12,10.26953125,19.94921875,7,4,0.2150654967693455,14.20703125,173930.66666666666,470.59040532566826,0.08004535603650134,0.9703140184944213,1840.9302938428855,0.6449963210100478
257,12,10.26953125,19.94921875,1,6,0.2150654967693455,14.20703125,146186.11111111112,431.4266316604118,0.1544466287497283,0.9771397143746205,1628.4813200641559,0.6927903688132115
258,12,10.26953125,19.94921875,1,4,12.425012433337162,14.20703125,195797.22222222222,499.2962705050195,0.017573946018452764,0.9820294299244006,1888.0324824509016,0.6902502468412922
259,12,10.26953125,19.94921875,1,4,0.2150654967693455,5.78515625,139117.44444444444,420.8677526657622,0.061907587028486005,0.6324922918015804,49281.671595508116,0.0007198151941964445
260,29,34.79296875,2.72265625,7,6,12.425012433337162,5.78515625,198456.22222222222,502.6751532263196,0.10911993632174007,0.9775232885142238,2134.782045045102,0.5475767066312317
261,25,46.76953125,44.44921875,4,7,3.0414854232971544,38.70703125,191917.44444444444,494.32466475726415,0.1600778572400519,0.9765449492307234,1793.1526123486385,0.7500912838323723
262,16,46.76953125,44.44921875,4,7,3.0414854232971544,38.70703125,188970.66666666666,490.51492826190656,0.06033768456018948,0.9818770548861393,1762.2847031061892,0.7646603436563497
263,25,71.29296875,44.44921875,4,7,3.0414854232971544,38.70703125,191869.11111111112,494.26241189080923,0.17109323698965395,0.9738823549072616,1837.4569733284604,0.7142570354761177
264,25,46.76953125,27.22265625,4,7,3.0414854232971544,38.70703125,192714.66666666666,495.3503088569217,0.16400943003871776,0.9866516412688637,1708.10635617048,0.8300494744770235
265,25,46.76953125,44.44921875,4,7,3.0414854232971544,38.70703125,191890.77777777778,494.2903203485423,0.16220255246762014,0.9761715367055503,1791.5464074461147,0.751351891717737
266,25,46.76953125,44.44921875,4,2,3.0414854232971544,38.70703125,194051.77777777778,497.0657822608707,0.15676593815555923,0.9658057723514274,1989.7202085278961,0.616180184192644
267,25,46.76953125,44.44921875,4,7,0.8785810547939874,38.70703125,186619.88888888888,487.45438621181995,0.16226840224100214,0.971831080372401,1788.4924872934214,0.7332342182387149
268,25,46.76953125,44.44921875,4,7,3.0414854232971544,30.28515625,191958.88888888888,494.3780347729274,0.16036080716849066,0.9553958645761299,2040.0701847404462,0.5797294912201625
269,16,71.29296875,27.22265625,4,2,0.8785810547939874,30.28515625,193697.33333333334,496.6115787015536,0.08342547471006907,0.9707436277795252,2134.0648452559703,0.5347202711487617
270,18,28.51953125,7.69921875,3,5,11.437819490428458,1.95703125,195372.55555555556,498.7545110693124,0.12984428442295415,0.773629612113469,36571.29282983214,0.0018360138474937998
271,10,28.51953125,7.69921875,3,5,11.437819490428458,1.95703125,194292.44444444444,497.3739252834926,0.0861945042721593,0.7544228650921954,46224.591344300214,0.0011428382876988111
272,18,53.04296875,7.69921875,3,5,11.437819490428458,1.95703125,195381.55555555556,498.7659995097872,0.13969783771478428,0.7829218162124403,32027.334459805472,0.0023952079093605225
273,18,28.51953125,39.47265625,3,5,11.437819490428458,1.95703125,195260.11111111112,498.61096441276044,0.10763423129530875,0.6851974958455255,50269.12250013982,0.0009710373264397554
274,18,28.51953125,7.69921875,2,5,11.437819490428458,1.95703125,195372.77777777778,498.75479532672114,0.1432901182918572,0.7916098205969654,33266.72259010727,0.002218959294201167
275,18,28.51953125,7.69921875,3,4,11.437819490428458,1.95703125,195447.77777777778,498.85051578457467,0.1258747452475039,0.7935740324935792,33026.647089244645,0.0022520819652466556
276,18,28.51953125,7.69921875,3,5,3.3039946321853746,1.95703125,194614.55555555556,497.7860450388777,0.12434572136342645,0.7611944551880542,39434.40751428488,0.001573012684961989
277,18,28.51953125,7.69921875,3,5,11.437819490428458,18.03515625,195486.11111111112,498.8994351970553,0.1479095554982216,0.9897296324656283,1738.2278807622524,0.8130661381519695
278,10,53.04296875,39.47265625,2,4,3.3039946321853746,18.03515625,185348.11111111112,485.7906213076277,0.09261205898798153,0.8960230725356981,6988.977560167963,0.04788755847676596
279,5,65.01953125,32.19921875,6,2,0.8087759723669625,26.45703125,5753.444444444444,85.55398730323532,0.41729402419635586,0.8676823659800316,459.69527382702665,0.34376468604867183
280,23,65.01953125,32.19921875,6,2,0.8087759723669625,26.45703125,193835.66666666666,496.788881129352,0.2492489639006831,0.9618026350510817,2268.019073916796,0.4736941892559886
281,5,16.54296875,32.19921875,6,2,0.8087759723669625,26.45703125,87125.11111111111,333.06221734266177,0.17259752118930463,0.9764391730049016,1281.2740771174942,0.6670057923931121
282,5,65.01953125,14.97265625,6,2,0.8087759723669625,26.45703125,39212.11111111111,223.4338336340273,0.22280334010970096,0.9473970317982516,1030.1413852964567,0.4651278746625396
283,5,65.01953125,32.19921875,5,2,0.8087759723669625,26.45703125,13103.555555555555,129.15829375671336,0.3512354104777511,0.9042024610602467,670.8528935062743,0.36735343743736404
285,5,65.01953125,32.19921875,6,2,0.2336277009422231,26.45703125,11953.555555555555,123.31764137705096,0.3280082881627775,0.9067867465717144,618.2135156484909,0.39345249054348885
286,5,65.01953125,32.19921875,6,2,0.8087759723669625,42.53515625,58123.666666666664,272.0358644229061,0.15589483321043948,0.9649453700052446,1114.4686419163522,0.5883736108802213
287,23,16.54296875,14.97265625,5,7,0.2336277009422231,42.53515625,186823.22222222222,487.71986664773186,0.2343313196931016,0.9945407105098004,1626.2019068835157,0.8877557562722124
289,19,6.84765625,49.80859375,5,6,0.3839245618751841,4.25390625,174218.0,470.978993061397,0.0779544887174834,0.7220414399726253,36918.978386351504,0.0016062198859180888
293,6,6.84765625,49.80859375,5,3,0.3839245618751841,4.25390625,6130.555555555556,88.30838648930416,0.35844828491760794,0.031617047948923914,4449.287808128484,0.0039064624243542664
294,6,6.84765625,49.80859375,5,6,3.0414854232971544,4.25390625,103728.88888888889,363.4167053456815,0.057208359355448116,0.4243159980037961,71480.57517316166,0.0002551138933011667
296,19,67.87109375,43.30078125,6,3,3.0414854232971544,6.55078125,194707.88888888888,497.90539205660684,0.08692936289730753,0.7154782454038511,54680.386164363656,0.0008183448498807889
297,19,43.34765625,25.30859375,2,3,5.429513223320338,28.75390625,196353.22222222222,500.00468594024994,0.09485120919172367,0.9800653623998188,1858.6451326813444,0.714327362616032
298,6,43.34765625,25.30859375,2,3,5.429513223320338,28.75390625,187535.77777777778,488.6490576037204,0.057626320906538485,0.9848855888628082,1815.746547599784,0.7148723544426812
299,19,31.37109375,25.30859375,2,3,5.429513223320338,28.75390625,196360.22222222222,500.01359598401865,0.08917288708247008,0.9827023747697249,1800.6782657546596,0.7610544451890963
300,19,43.34765625,18.80078125,2,3,5.429513223320338,28.75390625,196459.22222222222,500.13962732464176,0.09092014283241241,0.9831654348434375,1828.1427036479336,0.7387376993573423
301,19,43.34765625,25.30859375,3,3,5.429513223320338,28.75390625,196328.55555555556,499.97327871529757,0.09229101161994485,0.9799382287026666,1874.825724343224,0.7020362318360291
302,19,43.34765625,25.30859375,2,6,5.429513223320338,28.75390625,195447.66666666666,498.850368872426,0.08464441117801069,0.9856817889752857,1752.781616607705,0.799474078246887
303,19,43.34765625,25.30859375,2,3,0.2150654967693455,28.75390625,189541.0,491.25454445188916,0.09776005586320051,0.9793951542347207,1828.188727377086,0.712714515298431
304,19,43.34765625,25.30859375,2,3,5.429513223320338,31.05078125,196318.55555555556,499.9605446296748,0.08998985580713321,0.9814697149016768,1834.431929245748,0.7331859249072118
305,6,31.37109375,18.80078125,3,6,0.2150654967693455,31.05078125,54314.11111111111,262.9716080540196,0.15354165419116905,0.9838323789140256,926.975211728595,0.7943387574544901
306,25,25.09765625,37.55859375,7,1,1.4437878948996556,16.50390625,194107.0,497.13650254998123,0.15442962275443992,0.9462296961229989,2807.4325337305645,0.3097833041541602
307,12,25.09765625,37.55859375,7,1,1.4437878948996556,16.50390625,193658.66666666666,496.5620476056071,0.05623847400471265,0.9580650778347058,2866.9752385122274,0.2962662193056602
308,25,13.12109375,37.55859375,7,1,1.4437878948996556,16.50390625,194180.77777777778,497.23097603879006,0.16385919260022147,0.9506598702850442,2464.400287149999,0.40224686781349844
309,25,25.09765625,6.55078125,7,1,1.4437878948996556,16.50390625,194240.66666666666,497.30764657729117,0.1680621400932191,0.9685538476341168,2337.6912361743857,0.44685963485889335
310,25,25.09765625,37.55859375,2,1,1.4437878948996556,16.50390625,194181.33333333334,497.2316857744942,0.16215233817879465,0.9307232784355077,3145.3307137370293,0.24725658681485305
311,25,25.09765625,37.55859375,7,5,1.4437878948996556,16.50390625,191788.0,494.15792540993345,0.16628388387190973,0.8914565123795204,6826.867222746429,0.0517971765569493
312,25,25.09765625,37.55859375,7,1,11.437819490428458,16.50390625,194351.11111111112,497.44901216599,0.16588331921326946,0.9452577810151107,2833.1623717855564,0.30477631857456783
313,25,25.09765625,37.55859375,7,1,1.4437878948996556,18.80078125,194144.55555555556,497.18459559437713,0.161740728763025,0.9516898895815495,2565.7644723698627,0.3709960007391534
314,12,13.12109375,6.55078125,2,5,11.437819490428458,18.80078125,195456.22222222222,498.86129440009074,0.04568876938268121,0.9941873495906424,1657.1346710589178,0.8944288839925579
315,12,61.59765625,13.05859375,4,5,0.1020912211078597,41.00390625,157024.77777777778,447.1350584430144,0.12393914967387112,0.9911992763356147,1556.5371562104829,0.8144694281280891
316,25,61.59765625,13.05859375,4,5,0.1020912211078597,41.00390625,183243.11111111112,483.02409056916895,0.1494033655423027,0.9899311273579539,1681.720264929483,0.8142197270453095
317,12,49.62109375,13.05859375,4,5,0.1020912211078597,41.00390625,159574.22222222222,450.750495455436,0.11637008363613677,0.9919283577363197,1542.113458963472,0.8432396857636234
318,12,61.59765625,31.05078125,4,5,0.1020912211078597,41.00390625,100657.55555555556,357.99538105263497,0.15682839986996452,0.9838715731756582,1298.224433909108,0.7505758623208139
319,12,61.59765625,13.05859375,5,5,0.1020912211078597,41.00390625,155259.33333333334,444.61362279541686,0.12066097853122966,0.9908029167078615,1555.6970006749284,0.80618548726483
320,12,61.59765625,13.05859375,4,1,0.1020912211078597,41.00390625,183408.22222222222,483.24133633409224,0.09340608445904913,0.9710998258368522,2162.968480971414,0.49309692987607623
321,12,61.59765625,13.05859375,4,5,0.8087759723669625,41.00390625,183251.0,483.03454047594096,0.07434469712050223,0.991798317079675,1672.9112301900796,0.82285222457148
322,12,61.59765625,13.05859375,4,5,0.1020912211078597,43.30078125,158204.55555555556,448.81144964860715,0.11479177590543747,0.9916277398004666,1551.6087852038909,0.8258205770470265
323,25,49.62109375,31.05078125,5,1,0.8087759723669625,43.30078125,193824.22222222222,496.77423668765135,0.15381704473365693,0.9663561566230457,2134.332257694852,0.5348584116969199
324,15,34.22265625,19.18359375,3,5,0.7445170481527235,22.62890625,186525.77777777778,487.3314540785667,0.09663499965224283,0.9820389132979866,1750.4445874525793,0.765006267748003
325,16,34.22265625,19.18359375,3,5,0.7445170481527235,22.62890625,188085.55555555556,489.3648506201872,0.07463517340050778,0.9809434880096567,1761.1999145473235,0.7620151841960215
326,15,3.99609375,19.18359375,3,5,0.7445170481527235,22.62890625,194889.11111111112,498.1370495841588,0.09102568076261688,0.9820170719797816,1754.7313358752174,0.7954016530328125
327,15,34.22265625,24.92578125,3,5,0.7445170481527235,22.62890625,184531.66666666666,484.71950256049723,0.09607790101988435,0.9724529560565627,1814.4371559270505,0.7044569881277876
328,15,34.22265625,19.18359375,2,5,0.7445170481527235,22.62890625,186780.33333333334,487.6638944425371,0.09732762244304383,0.980443704995218,1755.070088456915,0.7620602627282168
329,15,34.22265625,19.18359375,3,2,0.7445170481527235,22.62890625,194005.55555555556,497.0065349642538,0.10888894698779272,0.9764822054021732,1948.208295809848,0.6425066243812461
330,15,34.22265625,19.18359375,3,5,5.898132013989025,22.62890625,195149.66666666666,498.4699299111857,0.09300778788583408,0.9831116029128414,1782.705730610962,0.771694694292926
331,15,34.22265625,19.18359375,3,5,0.7445170481527235,37.17578125,186858.44444444444,487.7658448351493,0.09905710229689405,0.9896334367645139,1653.423239191659,0.8589345406345533
332,16,3.99609375,24.92578125,2,2,5.898132013989025,37.17578125,196812.66666666666,500.5893226795666,0.016203643163012347,0.985839020236464,1674.012721451078,0.8825731107923531
333,28,70.72265625,43.68359375,6,2,10.52906106915564,47.12890625,199060.55555555556,503.43993688179086,0.12998388957098433,0.9710792069661746,1996.486819076409,0.627682397944365
334,29,70.72265625,43.68359375,6,2,10.52906106915564,47.12890625,198410.33333333334,502.61703319708147,0.12142623742065423,0.9668980997886462,2016.1150297049269,0.6134730798619391
335,28,40.49609375,43.68359375,6,2,10.52906106915564,47.12890625,199063.33333333334,503.44344988384313,0.12464400784005344,0.9734837991938406,1872.4967277771138,0.7135233014239235
336,28,70.72265625,49.42578125,6,2,10.52906106915564,47.12890625,199044.11111111112,503.4191420411254,0.13416194048824057,0.9669601204967745,2039.5323978485217,0.6014041419745794
337,28,70.72265625,43.68359375,5,2,10.52906106915564,47.12890625,199055.22222222222,503.4331913772196,0.1296514049396621,0.9696788207039556,2001.8579509828176,0.6242900095452106
338,28,70.72265625,43.68359375,6,6,10.52906106915564,47.12890625,198767.88888888888,503.0697122554615,0.12966083312537266,0.9825512974267119,1785.6062117451838,0.7834669459329408
339,28,70.72265625,43.68359375,6,2,0.4170609143425109,47.12890625,197107.11111111112,500.96359255963057,0.13676315098928762,0.9707765343830292,1988.1830392191014,0.6268494135166196
340,28,70.72265625,43.68359375,6,2,10.52906106915564,12.67578125,199049.55555555556,503.4260273182174,0.13143289389820564,0.9005894946459383,7327.068565027072,0.04691649041569759
341,29,40.49609375,49.42578125,5,6,0.4170609143425109,12.67578125,189555.55555555556,491.27346033518563,0.10292056350603737,0.7634527003458002,26964.659168576276,0.0032761314434905002
342,22,15.97265625,6.93359375,2,4,2.799833114138683,10.37890625,196701.55555555556,500.4479967250166,0.09016783387813188,0.9839496342139655,1778.9070694702755,0.7811233521739618
343,22,15.97265625,6.93359375,2,4,2.799833114138683,10.37890625,196681.88888888888,500.4229774049367,0.07608991807433035,0.983937552327553,1778.251570032874,0.7816538956655863
344,22,58.74609375,6.93359375,2,4,2.799833114138683,10.37890625,196736.44444444444,500.492373226789,0.08443782450135123,0.9753374537912618,2058.0349431064355,0.5838519125422889
345,22,15.97265625,37.17578125,2,4,2.799833114138683,10.37890625,194736.88888888888,497.94247001952385,0.07805419229295817,0.8042073344595079,33506.14931486,0.002179772988954033
346,22,15.97265625,6.93359375,7,4,2.799833114138683,10.37890625,196665.11111111112,500.4016328046989,0.09093845579376791,0.9843152091389462,1795.325231244419,0.7667819840546937
347,22,15.97265625,6.93359375,2,7,2.799833114138683,10.37890625,196316.77777777778,499.9582815847992,0.07639107261274358,0.987378845250646,1731.5921024427305,0.8228010789240916
348,22,15.97265625,6.93359375,2,4,1.5684005644818857,10.37890625,196457.88888888888,500.13792968130355,0.0728171752763423,0.9846464159941495,1778.7676434707266,0.7802980921315872
349,22,15.97265625,6.93359375,2,4,2.799833114138683,49.42578125,196594.33333333334,500.3115802985173,0.08300839329487292,0.9959097442053745,1662.0686937628798,0.8943014748122116
350,22,58.74609375,37.17578125,7,7,1.5684005644818857,49.42578125,190793.33333333334,492.8748271259284,0.08923232885089895,0.9862626733749078,1703.5760771466432,0.826172659097939
351,9,52.47265625,31.43359375,5,7,0.1979780981198111,34.87890625,28898.0,191.8141380523093,0.20704808385599027,0.9753590163782477,707.2507530400236,0.7263985627315709
352,9,52.47265625,31.43359375,5,7,0.1979780981198111,34.87890625,28391.11111111111,190.12634033875796,0.21306264293596575,0.974697318339812,702.4525567973487,0.7233124553432332
353,9,22.24609375,31.43359375,5,7,0.1979780981198111,34.87890625,31625.88888888889,200.66368849536292,0.14404977863467022,0.9761888303749308,731.2942995939999,0.7432675326862545
354,9,52.47265625,12.67578125,5,7,0.1979780981198111,34.87890625,103231.66666666667,362.54339751522025,0.14035600823735883,0.9913543841469095,1252.9273118877531,0.8263933538690713
355,9,52.47265625,31.43359375,4,7,0.1979780981198111,34.87890625,29362.0,193.34360825445003,0.17514911898723975,0.974644910623784,712.8602287482722,0.7261104422381927
356,9,52.47265625,31.43359375,5,4,0.1979780981198111,34.87890625,72395.77777777778,303.6050081150311,0.14618111739217876,0.9826793497339872,1115.515555559584,0.7312238341660622
357,9,52.47265625,31.43359375,5,7,0.110902667476195,34.87890625,36128.11111111111,214.4730232974499,0.1737892929037822,0.976374626541981,783.8020316512722,0.7390504400917214
358,9,52.47265625,31.43359375,5,7,0.1979780981198111,24.92578125,1668.4444444444443,46.06708365125118,0.4183939959300056,0.9134158468817346,182.8345437201282,0.6275902192338544
359,9,22.24609375,12.67578125,4,4,0.110902667476195,24.92578125,125322.88888888889,399.45494835565364,0.12167928227892141,0.9903040896533231,1376.4334766249005,0.8312676110803765
360,10,20.53515625,3.87109375,6,3,0.1421683009311962,19.56640625,182547.66666666666,482.10645266804073,0.09898832120515506,0.9898654053311502,1672.817924203214,0.8197782776507347
361,14,20.53515625,3.87109375,6,3,0.1421683009311962,19.56640625,188166.88888888888,489.47051603558845,0.09841013927208203,0.9903901582228597,1692.6414932611385,0.8253685066651023
362,10,8.55859375,3.87109375,6,3,0.1421683009311962,19.56640625,185432.55555555556,485.90124286229326,0.07541940482185365,0.9916484480171631,1627.6607893629505,0.8795750061535659
363,10,20.53515625,27.98828125,6,3,0.1421683009311962,19.56640625,125020.0,398.9721753134299,0.14360952108408287,0.9744148449199069,1587.7648939646003,0.6233136840567585
364,10,20.53515625,3.87109375,3,3,0.1421683009311962,19.56640625,185439.44444444444,485.9102762151805,0.09319132451941695,0.9892868174284263,1689.1834044122525,0.816724120874547
365,10,20.53515625,3.87109375,6,3,0.1421683009311962,19.56640625,182320.55555555556,481.806541127377,0.09191042213353234,0.9894855633734976,1674.5726901164155,0.8170575659981201
366,10,20.53515625,3.87109375,6,3,0.580782959920157,19.56640625,189810.55555555556,491.6037291354885,0.08510638395276368,0.9902411458406833,1703.689104251388,0.8218070125603498
367,10,20.53515625,3.87109375,6,3,0.1421683009311962,46.36328125,183955.88888888888,483.96267021134486,0.08064563617975468,0.9920510840081954,1619.3399780709735,0.8815607766634339
368,14,8.55859375,27.98828125,3,3,0.580782959920157,46.36328125,195285.88888888888,498.64387624054285,0.08800408490204602,0.9863887347926025,1695.9108216936543,0.853261802200155
369,23,57.03515625,28.37109375,3,7,2.010563393164373,44.06640625,191885.55555555556,494.28359462522064,0.24524383111915407,0.9894880902669545,1694.3838533574865,0.8399202922277857
370,27,57.03515625,28.37109375,3,7,2.010563393164373,44.06640625,192556.77777777778,495.1473516198646,0.14347798383537724,0.9896884491873986,1692.3466159659538,0.8448821324695187
371,23,45.05859375,28.37109375,3,7,2.010563393164373,44.06640625,191977.11111111112,494.40150141335965,0.2488924019720966,0.9899170348803786,1680.4238966567323,0.8543538886646338
372,23,57.03515625,3.48828125,3,7,2.010563393164373,44.06640625,194308.88888888888,497.39496369572976,0.24791363212393847,0.9956275930773829,1661.9505761423072,0.8840345967620055
373,23,57.03515625,28.37109375,6,7,2.010563393164373,44.06640625,191799.0,494.1721016137225,0.24824242987878828,0.988588616223942,1698.5036545226867,0.835488056281369
374,23,57.03515625,28.37109375,3,7,2.010563393164373,44.06640625,191924.77777777778,494.33411236296587,0.24656530024792855,0.9888322192566229,1692.9222612538697,0.8415557051689915
375,23,57.03515625,28.37109375,3,7,8.213511387142757,44.06640625,194404.88888888888,497.5178285811878,0.24643759823668032,0.9889664609997827,1703.0840217119492,0.8422833285245697
376,23,57.03515625,28.37109375,3,7,2.010563393164373,21.86328125,192086.88888888888,494.5428342746979,0.24467654003695513,0.9674410142867053,1950.5649497993222,0.6346173130739952
377,27,45.05859375,3.48828125,6,7,8.213511387142757,21.86328125,194534.22222222222,497.6832966096769,0.13146810500696693,0.9929978241757047,1725.7236320187385,0.8208726500998871
378,30,2.28515625,16.12109375,4,5,7.560930915180215,7.31640625,196113.44444444444,499.6993022685399,0.22053020755320946,0.9468300222492277,2899.939624842406,0.29323469482277675
379,21,2.28515625,16.12109375,4,5,7.560930915180215,7.31640625,196510.11111111112,500.2044023781034,0.12080725823297644,0.9535805409515823,2922.5018017732996,0.2893259635443231
380,30,63.30859375,16.12109375,4,5,7.560930915180215,7.31640625,196074.77777777778,499.6500367653037,0.21750325951192745,0.9183105022601078,3405.230965843575,0.21333923685015643
381,30,2.28515625,15.73828125,4,5,7.560930915180215,7.31640625,196119.88888888888,499.70751240379894,0.22103914238303296,0.9474896437728325,2626.0604321461883,0.3575055907227557
382,30,2.28515625,16.12109375,5,5,7.560930915180215,7.31640625,196114.33333333334,499.7004346645009,0.22040753918632972,0.946999088781185,2871.7391758971717,0.2990511174988175
383,30,2.28515625,16.12109375,4,5,7.560930915180215,7.31640625,196113.33333333334,499.6991606979327,0.22016685231128633,0.9471479288711203,2926.827158919203,0.28775112532958497
384,30,2.28515625,16.12109375,4,5,0.1544387816379468,7.31640625,193633.22222222222,496.529400692964,0.21789764641040596,0.9414427622515551,3324.0363378004713,0.22107478585762275
385,30,2.28515625,16.12109375,4,5,7.560930915180215,34.11328125,196184.55555555556,499.78989003752486,0.21847676701194846,0.9818040244686084,1689.1375732501615,0.8640630788881611
386,21,63.30859375,15.73828125,5,5,0.1544387816379468,34.11328125,182923.33333333334,482.60248808097884,0.13568868912465706,0.9873010576552539,1716.1087769440699,0.7806156339503221
387,17,38.78515625,40.62109375,1,2,0.534638552220694,31.81640625,191951.44444444444,494.36841433483085,0.13949167130600226,0.9686024818834164,1996.8072617539049,0.6051723749660668
388,8,38.78515625,40.62109375,1,2,0.534638552220694,31.81640625,179281.88888888888,477.77469327594594,0.0651486695601814,0.974028100046335,1946.7927074944116,0.5945522747455176
389,17,26.80859375,40.62109375,1,2,0.534638552220694,31.81640625,191849.11111111112,494.2366311056502,0.1325503750308599,0.9692871162819626,1934.909566586424,0.6441233351471557
390,17,38.78515625,40.23828125,1,2,0.534638552220694,31.81640625,191897.55555555556,494.2990213637661,0.13800853263841464,0.9673146521735961,1997.3451084687456,0.6046345812504187
391,17,38.78515625,40.62109375,2,2,0.534638552220694,31.81640625,191733.55555555556,494.08778010256475,0.1348123950998001,0.9663341877024464,2031.4476856322149,0.583959505813463
392,17,38.78515625,40.62109375,1,2,0.534638552220694,31.81640625,191996.44444444444,494.4263846824772,0.13861060326217645,0.9656647165730546,2023.995421106788,0.5890674100225364
393,17,38.78515625,40.62109375,1,2,2.184094195487613,31.81640625,194779.88888888888,497.99743956691117,0.1362051897954969,0.968590458105494,2010.6724613721717,0.6056482396071745
394,17,38.78515625,40.62109375,1,2,0.534638552220694,9.61328125,187267.88888888888,488.2999318296668,0.12976540296841968,0.8004464317797302,34493.557604981055,0.0019781249085695112
395,8,26.80859375,40.23828125,2,2,2.184094195487613,9.61328125,176843.33333333334,474.5143405285431,0.052969099717652776,0.7323675460641976,62833.9853371471,0.0005629603348762
396,14,11.41015625,34.49609375,2,2,0.2756966713283472,1.19140625,182629.55555555556,482.21479787478427,0.10025834693410407,0.6744774162081213,63740.28947877623,0.0005648894787327111
397,17,11.41015625,34.49609375,2,2,0.2756966713283472,1.19140625,189097.33333333334,490.6792981404524,0.12296269307352563,0.7011593760217747,56022.68429594492,0.0007571397870601555
398,14,72.43359375,34.49609375,2,2,0.2756966713283472,1.19140625,166890.22222222222,460.96762778852485,0.0928459722683418,0.5344324509724886,76726.32692017284,0.00035625250221374443
399,14,11.41015625,9.61328125,2,2,0.2756966713283472,1.19140625,187126.22222222222,488.11522539205737,0.08154233375965113,0.717858189014957,54634.907796636675,0.0007878352122853889
400,14,11.41015625,34.49609375,4,2,0.2756966713283472,1.19140625,182725.22222222222,482.3410988675118,0.07341934467451054,0.6495946496735353,68537.66969613484,0.0004888360600549444
401,14,11.41015625,34.49609375,2,3,0.2756966713283472,1.19140625,179151.66666666666,477.6012661455574,0.09107331397391816,0.6652865259979648,59641.92624045903,0.0006328987919027
402,14,11.41015625,34.49609375,2,2,0.2994919243087359,1.19140625,183223.88888888888,482.9988299573767,0.0921798010971991,0.6761947706552924,63750.97081592689,0.0005665357194521111
403,14,11.41015625,34.49609375,2,2,0.2756966713283472,15.73828125,187764.55555555556,488.947069774101,0.08763336493887465,0.9247864745194838,4748.954597862314,0.10577869692153613
404,17,72.43359375,9.61328125,4,3,0.2994919243087359,15.73828125,190524.0,492.52664092040567,0.1377779980438133,0.9703281082963843,2209.94020596492,0.49041361174519754
405,27,47.91015625,9.99609375,5,6,3.8989397169366624,25.69140625,194309.77777777778,497.3961101694342,0.13664936534180322,0.9900449969468248,1736.364132239607,0.8099382635877417
406,4,47.91015625,9.99609375,5,6,3.8989397169366624,25.69140625,42752.11111111111,233.3091569560433,0.16312000279264274,0.982631019784705,846.6852887837629,0.7495758583222057
407,27,35.93359375,9.99609375,5,6,3.8989397169366624,25.69140625,194309.88888888888,497.3962518072182,0.12493977256648242,0.9920050178260814,1687.1371482340937,0.8578896153995966
408,27,47.91015625,34.11328125,5,6,3.8989397169366624,25.69140625,193804.77777777778,496.74933659604255,0.12390890100989527,0.9683268795408981,1939.3014456902663,0.6477787621480976
409,27,47.91015625,9.99609375,1,6,3.8989397169366624,25.69140625,194371.55555555556,497.4751718146415,0.12152101967234964,0.9912969043621485,1706.0106892329413,0.839249412330588
410,27,47.91015625,9.99609375,5,6,3.8989397169366624,25.69140625,194321.0,497.410473603119,0.11542942103687907,0.9900111078619666,1734.4304582091538,0.8117913455449699
411,27,47.91015625,9.99609375,5,6,4.235455411786306,25.69140625,194351.0,497.4488690104372,0.14032204599427056,0.9901743240477876,1736.2451247049553,0.8102069314549709
412,27,47.91015625,9.99609375,5,6,3.8989397169366624,40.23828125,194261.55555555556,497.3343879430096,0.13539634702764608,0.9942490829706033,1659.4215157650867,0.8865318757096905
414,20,29.66015625,46.74609375,4,8,14.6623647592694,13.44140625,194190.22222222222,497.2430676058541,0.1262738159557527,0.7410844950960749,36461.1022656383,0.0018356039900198112
415,11,29.66015625,46.74609375,4,8,14.6623647592694,13.44140625,183077.44444444444,482.80579619641816,0.09105532858217255,0.6880230085427623,55407.72001840958,0.0007494565347758445
416,20,17.68359375,46.74609375,4,8,14.6623647592694,13.44140625,193724.66666666666,496.64665774522496,0.10513707446888873,0.7625511154323354,35640.97123057825,0.001916509844999078
417,20,29.66015625,46.36328125,4,8,14.6623647592694,13.44140625,194204.44444444444,497.2612760366221,0.11846202432207908,0.7419058034071643,36506.18699779557,0.001831216075738411
418,20,29.66015625,46.74609375,3,8,14.6623647592694,13.44140625,194099.22222222222,497.12654691869113,0.11646003806387656,0.7458510100717763,36351.666391602106,0.001845805065100111
419,20,29.66015625,46.74609375,4,8,14.6623647592694,13.44140625,194203.11111111112,497.2595687591833,0.13520850972852116,0.7412049008671497,36477.10000097115,0.0018341149682828668
420,20,29.66015625,46.74609375,4,8,1.126270256909828,13.44140625,175788.22222222222,473.0966943881328,0.13383356780839742,0.7128406850694211,34529.1747976441,0.0018528016947075778
421,20,29.66015625,46.74609375,4,8,14.6623647592694,3.48828125,195512.66666666666,498.9333200862894,0.13259109594244065,0.6724893624767662,41354.298043415125,0.0014366333140624445
422,11,17.68359375,46.36328125,3,8,1.126270256909828,3.48828125,134879.55555555556,414.40792538056627,0.08905156628049356,0.5243424934196358,53563.71766820919,0.0005907657669326556
423,7,66.16015625,22.24609375,7,4,1.0367857549510051,37.94140625,126894.11111111111,401.9530807620824,0.11799499864748758,0.9875996549253497,1452.5007124494987,0.7559043309654707
424,24,66.16015625,22.24609375,7,4,1.0367857549510051,37.94140625,194136.55555555556,497.17433908317213,0.0744609563406648,0.9844673384302902,1795.705943118996,0.7566287996072687
425,7,54.18359375,22.24609375,7,4,1.0367857549510051,37.94140625,137502.0,418.4169476474154,0.11524213305009229,0.9891478273054989,1478.7820416237726,0.7903066267397045
426,7,66.16015625,21.86328125,7,4,1.0367857549510051,37.94140625,128500.0,404.4878896940033,0.126637543460161,0.9869210244900999,1463.9964836469571,0.7535355990868012
427,7,66.16015625,22.24609375,6,4,1.0367857549510051,37.94140625,133340.11111111112,412.0358631039305,0.12079127157536146,0.987889156195512,1485.10635617048,0.7597575549112899
428,7,66.16015625,22.24609375,7,4,1.0367857549510051,37.94140625,126561.0,401.4240764910163,0.12776791878671068,0.9875040233191014,1450.452095320667,0.7560548322270292
429,7,66.16015625,22.24609375,7,4,15.92786672219309,37.94140625,190492.22222222222,492.4857564441754,0.07498363074205053,0.9901478725955898,1765.8045321887503,0.7677872015271737
430,7,66.16015625,22.24609375,7,4,1.0367857549510051,27.98828125,108953.11111111111,372.4545185636958,0.15219434088466186,0.9828319254712867,1425.3141403577122,0.6741258928359218
431,24,54.18359375,21.86328125,6,4,15.92786672219309,27.98828125,196289.33333333334,499.92333454327905,0.08018754164240399,0.9797916271277223,1850.9068569622416,0.7200635037609272
432,6,31.94140625,26.83984375,1,5,4.601015621581442,30.28515625,174495.11111111112,471.3534258774662,0.06561539538221416,0.9902261967341762,1625.3255400359835,0.8300869120187698
433,12,31.94140625,26.83984375,1,5,4.601015621581442,30.28515625,191172.55555555556,493.36441557395545,0.05792031406883121,0.9855124423636217,1727.6141081687247,0.8049501911512498
434,6,47.33984375,26.83984375,1,5,4.601015621581442,30.28515625,173457.22222222222,469.9495432208116,0.062242996094538684,0.9889101846140131,1660.9864587217492,0.790115076221284
435,6,31.94140625,47.89453125,1,5,4.601015621581442,30.28515625,162268.44444444444,454.5395260984754,0.07966590696891257,0.9785429505834357,1736.196062619084,0.6765911460833683
436,6,31.94140625,26.83984375,6,5,4.601015621581442,30.28515625,172969.0,469.2877083334895,0.04862477521957603,0.9897631028217186,1631.9243134129786,0.8161738580540394
437,6,31.94140625,26.83984375,1,2,4.601015621581442,30.28515625,190282.77777777778,492.2149184974439,0.055657886157221545,0.9827443220006611,1837.9583962232891,0.7078916956756173
438,6,31.94140625,26.83984375,1,5,0.1308727353019792,30.28515625,47005.555555555555,244.6398202764472,0.14964227916808603,0.9801470751216139,882.4089139598416,0.7587077190450559
439,6,31.94140625,26.83984375,1,5,4.601015621581442,35.64453125,175130.66666666666,472.211055086961,0.054436950082576624,0.9918029075369605,1601.3530612938725,0.8582523015770769
440,12,47.33984375,47.89453125,6,2,0.1308727353019792,35.64453125,166541.77777777778,460.4855339928465,0.10504546054836233,0.9733066573404803,1903.723808066158,0.5775683832575755
441,19,68.44140625,2.33984375,4,1,0.3253409346365476,5.78515625,195215.44444444444,498.55388883719183,0.18080038679530946,0.9117032635004966,5167.643559105567,0.09225986971856955
442,25,68.44140625,2.33984375,4,1,0.3253409346365476,5.78515625,193784.88888888888,496.72375597830455,0.16266139894712678,0.9112863206732773,5086.308522286634,0.09452085927351431
443,19,10.83984375,2.33984375,4,1,0.3253409346365476,5.78515625,196391.77777777778,500.05375094459225,0.10057436624433168,0.9668457698355576,2396.9546439999103,0.4299064643183454
444,19,68.44140625,23.39453125,4,1,0.3253409346365476,5.78515625,193038.66666666666,495.7664495487759,0.10874163523578496,0.7986198129033497,21384.074307926334,0.005336794355907678
445,19,68.44140625,2.33984375,3,1,0.3253409346365476,5.78515625,195833.22222222222,499.34208402337896,0.17306220275665632,0.9124006063672656,4746.05436569674,0.10967095432851076
446,19,68.44140625,2.33984375,4,5,0.3253409346365476,5.78515625,193691.88888888888,496.60458833600194,0.1172433856765293,0.9694855144185532,2456.9314395682727,0.40350995947232654
447,19,68.44140625,2.33984375,4,1,1.8508199720892315,5.78515625,196539.44444444444,500.24172277808367,0.17372973116150603,0.9139266592375448,5197.140123933574,0.09180637285784406
448,19,68.44140625,2.33984375,4,1,0.3253409346365476,11.14453125,195329.44444444444,498.6993611381847,0.15139169261542518,0.9348258303081975,3777.1346414409636,0.1723050100658311
449,25,10.83984375,23.39453125,3,5,1.8508199720892315,11.14453125,193244.77777777778,496.03113811758885,0.1591737063344502,0.9264872519604909,3231.3510957413123,0.23271562533698928
450,26,13.69140625,39.08984375,3,3,1.223478125101819,42.53515625,197233.22222222222,501.123874190268,0.0709969351628086,0.9593304423449194,1894.4518594503306,0.6906144282270219
451,18,13.69140625,39.08984375,3,3,1.223478125101819,42.53515625,195440.0,498.84059089906907,0.1430471293632144,0.9753579120558837,1832.5482037939155,0.7313499844079205
452,26,29.08984375,39.08984375,3,3,1.223478125101819,42.53515625,196681.55555555556,500.42254957031986,0.07005499431467081,0.9717208592977382,1806.895028846573,0.7570722286449041
453,26,13.69140625,11.14453125,3,3,1.223478125101819,42.53515625,197053.77777777778,500.8958550501472,0.08085826369972879,0.9869677289681675,1668.1087370621253,0.8899124676295944
454,26,13.69140625,39.08984375,1,3,1.223478125101819,42.53515625,197232.44444444444,501.12288634322744,0.07098242318540463,0.9572287430050311,1909.6507211344683,0.6796846193749155
455,26,13.69140625,39.08984375,3,7,1.223478125101819,42.53515625,196311.77777777778,499.95191528224234,0.06679197110717441,0.9744698681809347,1789.6199524331562,0.7702654931984129
456,26,13.69140625,39.08984375,3,3,0.4921604131772999,42.53515625,196958.44444444444,500.77467829007753,0.06776096938851434,0.9590052990605804,1897.569512172892,0.6874020580179647
457,26,13.69140625,39.08984375,3,3,1.223478125101819,47.89453125,197251.0,501.1464585635114,0.07097957756117905,0.9626995979083719,1865.5661450836362,0.7122431435357655
458,18,29.08984375,11.14453125,1,7,0.4921604131772999,47.89453125,186682.33333333334,487.5359575020162,0.11491211063015117,0.9952610827434509,1628.396375398843,0.8846962686557431
459,13,50.19140625,14.58984375,6,7,17.302593577857987,18.03515625,195248.66666666666,498.5963499056396,0.12214370369010845,0.986493279705591,1839.60770272275,0.7250770297223736
460,5,50.19140625,14.58984375,6,7,17.302593577857987,18.03515625,179123.88888888888,477.56422601697227,0.05484735974545892,0.9899576076423917,1759.9881821483211,0.726762959070878
461,13,65.58984375,14.58984375,6,7,17.302593577857987,18.03515625,195218.55555555556,498.5578981184833,0.11410753521472354,0.9853250281233853,1907.5196234171874,0.6743568038069822
462,13,50.19140625,35.64453125,6,7,17.302593577857987,18.03515625,193952.33333333334,496.93840437208786,0.11916212670370897,0.9547325837195716,2584.2038661804236,0.3651462529511848
463,13,50.19140625,14.58984375,4,7,17.302593577857987,18.03515625,195270.22222222222,498.6238736162447,0.12089440843019172,0.9865071111588841,1829.0073620256298,0.7335942560945156
464,13,50.19140625,14.58984375,6,4,17.302593577857987,18.03515625,195842.22222222222,499.3536423448097,0.12154165953534735,0.9835640057041489,1931.0345744919546,0.6601119941741678
465,13,50.19140625,14.58984375,6,7,6.960199311784836,18.03515625,193571.77777777778,496.4506307295435,0.12502842366122893,0.9862221809627321,1834.1356207959134,0.7231278871449293
466,13,50.19140625,14.58984375,6,7,17.302593577857987,23.39453125,195239.11111111112,498.5841505296326,0.1306121674939199,0.9899739053413606,1767.427536076938,0.7854546465258067
467,5,65.58984375,35.64453125,4,4,6.960199311784836,23.39453125,168595.0,463.3160682387074,0.06213379402512195,0.9699652193417047,2085.5891438499,0.48737038079867173
468,16,4.56640625,8.46484375,7,7,2.372602361597207,48.66015625,196123.33333333334,499.7119001384138,0.021010944238388077,0.9963726557368189,1663.8054984453884,0.8902952773823992
469,21,4.56640625,8.46484375,7,7,2.372602361597207,48.66015625,196271.55555555556,499.9006946203782,0.12202307081518815,0.9937788734000915,1655.1909721032562,0.900270559529639
470,16,38.21484375,8.46484375,7,7,2.372602361597207,48.66015625,193567.77777777778,496.4455095577831,0.06769295098331735,0.9958943272950839,1653.7084966367308,0.8894606888287958
471,16,4.56640625,17.26953125,7,7,2.372602361597207,48.66015625,196265.44444444444,499.8929130102705,0.026225954408773067,0.991561417681477,1670.0538871134088,0.8842869499432271
472,16,4.56640625,8.46484375,2,7,2.372602361597207,48.66015625,196143.66666666666,499.7378033838959,0.02689118986207821,0.9963106037903002,1663.9356732093054,0.8902482197205046
473,16,4.56640625,8.46484375,7,3,2.372602361597207,48.66015625,196792.77777777778,500.5640285701699,0.018864620208690588,0.9862873612157315,1664.5214596469325,0.8925658401667245
474,16,4.56640625,8.46484375,7,7,0.9544109817998928,48.66015625,195492.88888888888,498.90808040860816,0.030501429847078765,0.9968611500696084,1662.3735760423006,0.8889630190553548
475,16,4.56640625,8.46484375,7,7,2.372602361597207,5.01953125,196201.0,499.81082109329196,0.03650627491658342,0.9677000744938596,2292.4610975876503,0.4692166288422398
476,21,38.21484375,17.26953125,2,3,0.9544109817998928,5.01953125,194930.77777777778,498.1902912390542,0.1142519843061552,0.8318007627003108,20604.682512007712,0.005774371076337344
477,29,41.06640625,32.96484375,4,4,0.1677683218944602,24.16015625,190018.66666666666,491.8731988965595,0.11804129566944183,0.94935708620218,2058.401409513084,0.5638821822697521
478,8,41.06640625,32.96484375,4,4,0.1677683218944602,24.16015625,17136.88888888889,147.70302214179517,0.2533985350528966,0.9561045793206797,596.7741417789019,0.6049425962323094
479,29,74.71484375,32.96484375,4,4,0.1677683218944602,24.16015625,189774.55555555556,491.5571012227561,0.12691778193790706,0.9519278266114206,2158.3704248824088,0.5124814429337843
480,29,41.06640625,41.76953125,4,4,0.1677683218944602,24.16015625,188611.22222222222,490.04820167449424,0.12911631904185022,0.9304772900451785,2412.901749926772,0.40783760966831717
481,29,41.06640625,32.96484375,5,4,0.1677683218944602,24.16015625,189767.11111111112,491.5475350429858,0.1168650431639848,0.9482448103343047,2075.815855524463,0.5537383328474864
482,29,41.06640625,32.96484375,4,6,0.1677683218944602,24.16015625,186637.33333333334,487.47714318658757,0.11017783774791529,0.9438997404338831,2047.582891089043,0.5594720901247543
483,29,41.06640625,32.96484375,4,4,13.49740954539229,24.16015625,198358.66666666666,502.5515871081833,0.116505284105595,0.9554677425266811,2065.3967838952685,0.5846652742285211
484,29,41.06640625,32.96484375,4,4,0.1677683218944602,29.51953125,189973.55555555556,491.81482558288775,0.12011022027377163,0.9603327191160628,1894.7520830726514,0.6651326662510961
485,8,74.71484375,41.76953125,5,6,13.49740954539229,29.51953125,186398.77777777778,487.1655585152599,0.057569142725431205,0.9788568648040612,1964.208295809848,0.607170927032624
486,23,22.81640625,20.71484375,5,2,0.6309100702382209,36.41015625,194100.88888888888,497.1286706503992,0.24276016654681273,0.983602244306154,1738.8495497793206,0.8067280649178402
487,15,22.81640625,20.71484375,5,2,0.6309100702382209,36.41015625,192970.33333333334,495.67877145018065,0.09641487127908943,0.9850522341214728,1739.2000307718265,0.8017069936326306
488,23,56.46484375,20.71484375,5,2,0.6309100702382209,36.41015625,193833.55555555556,496.7862153963215,0.2450961037874269,0.9786980415427566,1919.315013752149,0.6613610297612076
489,23,22.81640625,29.51953125,5,2,0.6309100702382209,36.41015625,193726.11111111112,496.64850435017627,0.24386904549605537,0.9782618726120137,1777.8571174703247,0.7702729083210739
490,23,22.81640625,20.71484375,6,2,0.6309100702382209,36.41015625,194070.55555555556,497.0898331265041,0.24491512243690736,0.9844912006331786,1737.9494936611666,0.8074549728153917
491,23,22.81640625,20.71484375,5,5,0.6309100702382209,36.41015625,191124.22222222222,493.3020472948314,0.24717351973124277,0.9893045844086288,1660.2696076061256,0.8713077312504754
492,23,22.81640625,20.71484375,5,2,0.2537920004252804,36.41015625,192577.88888888888,495.1744728488509,0.24790476425721383,0.982851749163066,1740.3735196407138,0.7989791850426904
493,23,22.81640625,20.71484375,5,2,0.6309100702382209,17.26953125,194186.0,497.23765765400225,0.24550205919693915,0.9670695436276413,2006.729575988031,0.6060853357283801
494,15,56.46484375,29.51953125,6,5,0.2537920004252804,17.26953125,172437.33333333334,468.56528947909374,0.10934352770816094,0.9468714756236098,2312.7516215959695,0.4053038773854473
495,10,59.31640625,45.21484375,2,6,8.922415779686538,11.91015625,180823.0,479.8237773129246,0.08429037042481406,0.7477965771711804,47780.67051762232,0.0009974653470018443
496,28,59.31640625,45.21484375,2,6,8.922415779686538,11.91015625,198320.44444444444,502.5031657597773,0.11816164923466671,0.8197067845135951,25568.254916694867,0.003813026218198378
497,10,19.96484375,45.21484375,2,6,8.922415779686538,11.91015625,182988.66666666666,482.6821119857084,0.08333903729794345,0.7866446936127347,41046.93236320935,0.0015019721310024889
498,10,59.31640625,5.01953125,2,6,8.922415779686538,11.91015625,195062.55555555556,498.3586530861273,0.08848988760551407,0.9850218272441889,1912.3437735976268,0.6703657309266918
499,10,59.31640625,45.21484375,3,6,8.922415779686538,11.91015625,187619.88888888888,488.75808471172854,0.08669379507966773,0.8581794458976435,24082.000557273917,0.0041302537091855
500,10,59.31640625,45.21484375,2,1,8.922415779686538,11.91015625,195543.0,498.97201785080784,0.08755544895785401,0.9381367242214571,5778.443472225658,0.07441643032111395
768,30,50.76171875,39.08984375,2,7,1.63468390563465,6.93359375,194640.11111111112,497.8187199083767,0.19456687818726442,0.7453739981260079,27715.47707625985,0.0031842313700181776
769,30,50.76171875,37.94140625,2,7,1.63468390563465,6.93359375,194677.44444444444,497.86646452085967,0.20008067681876468,0.7466854845925405,27717.729084407103,0.003184311318027889
770,30,50.76171875,37.94140625,2,1,1.63468390563465,6.93359375,196013.11111111112,499.57145527360615,0.20733023137869164,0.8192188857008877,18762.1276799958,0.007015060834501267
771,30,50.76171875,37.94140625,2,7,16.60100612783443,6.93359375,196042.66666666666,499.60912236811214,0.1993525673660307,0.7501487382758698,27843.308096784272,0.0031777554353738667
772,30,50.76171875,37.94140625,2,7,1.63468390563465,46.74609375,193853.33333333334,496.81155682535376,0.22414917451379215,0.9843179879529246,1717.2370921159397,0.8260913467555313
773,22,55.89453125,39.08984375,2,1,16.60100612783443,46.74609375,196931.88888888888,500.74091838132676,0.07374985041204568,0.9646588395781843,2170.225772201557,0.5255620592518861
774,23,32.51171875,1.19140625,7,6,6.147397351748212,43.68359375,195063.44444444444,498.35980018300205,0.25708386833575186,0.9966466022134922,1638.4437539400867,0.9131129484411495
775,28,32.51171875,1.19140625,7,6,6.147397351748212,43.68359375,199058.11111111112,503.43684557262753,0.1187245466571511,0.9962348152132168,1661.6098112834452,0.906016153961472
776,23,74.14453125,1.19140625,7,6,6.147397351748212,43.68359375,195026.33333333334,498.3123895805824,0.24278354920940334,0.9937344236569063,1704.882682852636,0.8432041860411719
777,23,32.51171875,26.83984375,7,6,6.147397351748212,43.68359375,194491.0,497.6280046303701,0.24458438160253737,0.9915675606097335,1655.5829474906295,0.8916797709513067
778,23,32.51171875,1.19140625,4,6,6.147397351748212,43.68359375,195060.88888888888,498.356535554184,0.25345180411126267,0.9967093363165169,1638.896094808072,0.9125969382196017
779,23,32.51171875,1.19140625,7,3,6.147397351748212,43.68359375,195140.55555555556,498.45829287714633,0.2442977315221129,0.9926913673401623,1678.0383267153334,0.8708807245441315
780,23,32.51171875,1.19140625,7,6,0.3121489749634016,43.68359375,192439.0,494.99587792272683,0.2542506074431518,0.9963246946764384,1631.876469973723,0.9080925111495319
781,23,32.51171875,1.19140625,7,6,6.147397351748212,9.99609375,195114.11111111112,498.42451807102015,0.2436529658378649,0.9893965043862478,1847.8284738493503,0.7181427574665213
782,28,74.14453125,26.83984375,4,3,0.3121489749634016,9.99609375,196958.77777777778,500.7750659825776,0.13214554719961624,0.9152407012848902,4167.911396560517,0.14354267836925147
783,10,69.01171875,25.69140625,4,2,0.4346866354069382,19.18359375,183298.77777777778,483.09739681217775,0.08697209787520827,0.9572856295392622,2523.9951920791123,0.3617645967507359
784,15,69.01171875,25.69140625,4,2,0.4346866354069382,19.18359375,190797.0,492.8794989023658,0.10210422862047892,0.9576148494104104,2490.9865020250236,0.38676562075768595
785,10,37.64453125,25.69140625,4,2,0.4346866354069382,19.18359375,184638.11111111112,484.8592347081833,0.08692538897815276,0.9693679715886814,2137.561293859474,0.5078967466570964
786,10,69.01171875,2.33984375,4,2,0.4346866354069382,19.18359375,185935.77777777778,486.5599205858338,0.11225184096852368,0.9707962337372853,2230.423687570028,0.47013921272287906
787,10,69.01171875,25.69140625,7,2,0.4346866354069382,19.18359375,179146.66666666666,477.594529076089,0.10435427239821822,0.9559542343144583,2628.0831950421166,0.3262274296320933
788,10,69.01171875,25.69140625,4,7,0.4346866354069382,19.18359375,16186.555555555555,143.5442272755732,0.26345331554153006,0.9529182195473295,607.2147542360791,0.5518865109034374
789,10,69.01171875,25.69140625,4,2,4.414453138741023,19.18359375,193689.66666666666,496.60175193846226,0.09334585582660822,0.9611253120049746,2555.2030924908477,0.3729491429667623
790,10,69.01171875,25.69140625,4,2,0.4346866354069382,34.49609375,183059.55555555556,482.7820308793055,0.08948775429895833,0.9759972449163425,1990.8669697694431,0.5804487353767864
791,15,37.64453125,2.33984375,7,7,4.414453138741023,34.49609375,195691.77777777778,499.1618000404843,0.10012693098381104,0.9958368599454952,1668.0565004540601,0.8838294337184243
792,9,9.69921875,4.25390625,2,5,1.1738684007511155,28.37109375,189303.44444444444,490.9466579824553,0.058862852595461805,0.9951014628617276,1634.8462390916516,0.8900507713920293
793,7,9.69921875,4.25390625,2,5,1.1738684007511155,28.37109375,185161.33333333334,485.5457981117305,0.06229594678230324,0.9950743902939505,1619.6989166685623,0.8869357605095171
794,9,14.83203125,4.25390625,2,5,1.1738684007511155,28.37109375,188882.22222222222,490.4001278932617,0.0569018678064463,0.995281649038821,1631.4096910707478,0.8918178223915536
795,9,9.69921875,36.02734375,2,5,1.1738684007511155,28.37109375,181751.11111111112,481.0536421784707,0.06184231110286772,0.9808416015471076,1751.1484915107787,0.7448536403082922
796,9,9.69921875,4.25390625,6,5,1.1738684007511155,28.37109375,188755.0,490.2349660688859,0.05490174893374057,0.9951402659970863,1633.1427999314642,0.8893252497527908
797,9,9.69921875,4.25390625,2,8,1.1738684007511155,28.37109375,182834.0,482.4846317688693,0.05815825094610431,0.9962608035807217,1614.4472571948172,0.8814980186141629
798,9,9.69921875,4.25390625,2,5,11.921201675118152,28.37109375,195157.33333333334,498.47971999254776,0.05404303326835606,0.9959796449786921,1646.8731991679983,0.9042208525403446
799,9,9.69921875,4.25390625,2,5,1.1738684007511155,13.05859375,189047.66666666666,490.61488181672354,0.06044778516347851,0.9939258116566554,1637.7220447576415,0.8857419575385526
800,7,14.83203125,36.02734375,6,8,11.921201675118152,13.05859375,153846.66666666666,442.5874561815715,0.07487586699414124,0.6386845552848706,72300.26386500901,0.00036984975873755553
801,22,46.19921875,28.75390625,5,2,16.60100612783443,3.87109375,196872.0,500.66477319845063,0.10280028274993566,0.7443955424082205,47696.861041347205,0.0010876345038529332
802,20,46.19921875,28.75390625,5,2,16.60100612783443,3.87109375,195833.22222222222,499.3421694730015,0.15052982464502956,0.7403863644769358,49444.01357735329,0.0010066605410843
803,22,51.33203125,28.75390625,5,2,16.60100612783443,3.87109375,196856.22222222222,500.6447099598893,0.08816676719006634,0.7392466923564727,47974.43047375621,0.0010750581696552
804,22,46.19921875,11.52734375,5,2,16.60100612783443,3.87109375,196971.44444444444,500.791205296807,0.09087894718441394,0.9013554526786464,5924.708573566297,0.07092796019800164
805,22,46.19921875,28.75390625,3,2,16.60100612783443,3.87109375,196855.77777777778,500.64414572086724,0.09802179456775051,0.7637430986956577,40394.05535316908,0.001516413612077889
806,22,46.19921875,28.75390625,5,4,16.60100612783443,3.87109375,196774.55555555556,500.5408523307048,0.08585887933352766,0.7138360661680119,46338.553369679714,0.0011516147515899667
807,22,46.19921875,28.75390625,5,2,0.8429562544368473,3.87109375,194682.33333333334,497.8727138799885,0.09982933188494864,0.7218232284733872,51211.44109348926,0.0009329177403315778
808,22,46.19921875,28.75390625,5,2,16.60100612783443,37.55859375,196929.66666666666,500.7380933160605,0.08013786583828443,0.9768392866722581,1907.7921662538413,0.6799684505499842
809,20,51.33203125,11.52734375,3,4,0.8429562544368473,37.55859375,193406.66666666666,496.2388522010264,0.14502510597437246,0.9911747547362982,1714.5474335256688,0.826802325727888
810,28,27.94921875,16.50390625,4,3,4.414453138741023,40.62109375,199005.44444444444,503.3702416210316,0.13277818788681345,0.9859366003553157,1713.5478585417363,0.8516971558080483
811,27,27.94921875,16.50390625,4,3,4.414453138741023,40.62109375,194512.77777777778,497.65586508360855,0.13572729535274194,0.9899096936224441,1678.0980911324584,0.8680252590462539
812,28,69.58203125,16.50390625,4,3,4.414453138741023,40.62109375,198986.22222222222,503.3459303333487,0.12568823404969395,0.9828768844769838,1862.1066285014304,0.7211971337810907
813,28,27.94921875,23.77734375,4,3,4.414453138741023,40.62109375,198968.22222222222,503.3231644235862,0.13080326152062843,0.983680404037369,1729.3240490584171,0.8360767466325569
814,28,27.94921875,16.50390625,2,3,4.414453138741023,40.62109375,199011.66666666666,503.3781116558803,0.13411265592853405,0.9864594902267664,1704.6788269362019,0.8606146053681345
815,28,27.94921875,16.50390625,4,3,4.414453138741023,40.62109375,199015.77777777778,503.38330993881414,0.12960746407876578,0.9868699018330328,1711.104768909383,0.8541830592823858
816,28,27.94921875,16.50390625,4,3,3.17002389777173,40.62109375,198960.0,503.3127636392355,0.12656202301182126,0.9866618996354464,1713.3237203258805,0.8517391241802592
817,28,27.94921875,16.50390625,4,3,4.414453138741023,25.30859375,198999.33333333334,503.36251324675425,0.12786928444443924,0.9821019924681633,1796.5221569939501,0.7748741308028719
818,27,69.58203125,23.77734375,2,3,3.17002389777173,25.30859375,194382.11111111112,497.48867460204696,0.1332302502353424,0.9711027140310813,2018.0973009232398,0.5998459444120869
824,15,64.44921875,41.00390625,7,6,0.3121489749634016,16.12109375,110082.22222222222,374.3805268674545,0.1038710619080669,0.5280668300492888,38489.77959876261,0.0009337672316961001
826,15,64.44921875,41.00390625,7,7,0.3121489749634016,49.80859375,143336.0,427.1972704263492,0.17001200084907736,0.9876631029427885,1496.6313321704554,0.8041743059794062
827,14,33.08203125,48.27734375,5,6,0.22415453946378,49.80859375,124910.11111111111,398.7979876145424,0.1740828029643176,0.9828143842189356,1438.1229426481098,0.759032988337244
828,12,37.07421875,34.87890625,6,8,0.6053278599539164,46.74609375,122686.11111111111,395.2283571810475,0.17362276593556714,0.9904833629249347,1358.592295009792,0.8352712719621737
829,24,37.07421875,34.87890625,6,8,0.6053278599539164,46.74609375,184308.22222222222,484.4259505394565,0.07210683022783165,0.9864606122754638,1659.3859055165951,0.8411347162170338
830,12,60.45703125,34.87890625,6,8,0.6053278599539164,46.74609375,109696.77777777778,373.7239424971696,0.16415455753360328,0.98973250777763,1299.3237003849083,0.8165780079495332
831,12,37.07421875,5.40234375,6,8,0.6053278599539164,46.74609375,179222.88888888888,477.69614269952217,0.08154639345653836,0.9959894669953974,1597.0268307535314,0.8830447637308324
832,12,37.07421875,34.87890625,1,8,0.6053278599539164,46.74609375,126744.44444444444,401.7132764245611,0.16272964054665937,0.9911141386241332,1377.5313882886096,0.8393452715409409
833,12,37.07421875,34.87890625,6,5,0.6053278599539164,46.74609375,173132.77777777778,469.5097245066829,0.0754284796821696,0.9873144086529145,1616.3402105199793,0.8327947440764228
834,12,37.07421875,34.87890625,6,8,1.63468390563465,46.74609375,171842.88888888888,467.7575019328498,0.08740939169803336,0.990510504944494,1592.4268387299203,0.8515875276416003
835,12,37.07421875,34.87890625,6,8,0.6053278599539164,31.43359375,78504.33333333333,316.1514904835616,0.17835533730162428,0.9834827935011581,1144.5893329956318,0.7530398955810593
836,24,60.45703125,5.40234375,1,5,1.63468390563465,31.43359375,195830.0,499.3380525914749,0.08519155486285745,0.9912775443918603,1734.311799348011,0.8182124533612026
837,25,73.57421875,10.37890625,3,4,8.560628692291102,22.24609375,194254.77777777778,497.32571124741946,0.16217459755280147,0.9821323351261361,1899.539364476039,0.6766466249351644
838,11,73.57421875,10.37890625,3,4,8.560628692291102,22.24609375,194731.0,497.9349415173308,0.11343256542425754,0.9856909109082227,1896.2927755771493,0.6805954125342775
839,25,23.95703125,10.37890625,3,4,8.560628692291102,22.24609375,194274.88888888888,497.3514557889234,0.16435997412837153,0.9889566392154497,1706.8206338273963,0.8380254237450964
840,25,73.57421875,29.90234375,3,4,8.560628692291102,22.24609375,194125.11111111112,497.1596985532639,0.16855077435422003,0.9619436527600609,2123.585756819672,0.5412881454365092
841,25,73.57421875,10.37890625,4,4,8.560628692291102,22.24609375,194235.33333333334,497.3008206166779,0.1712905719522939,0.9815203521237709,1926.7487359243678,0.6575626482591137
842,25,73.57421875,10.37890625,3,2,8.560628692291102,22.24609375,194322.22222222222,497.41203641786666,0.15148841289882348,0.9650012036130047,2227.0221122735147,0.49257581605346196
843,25,73.57421875,10.37890625,3,4,0.1155896074770771,22.24609375,187443.0,488.5282130885289,0.15780231341187384,0.9817142203648468,1864.6536301683716,0.6775745484418265
844,25,73.57421875,10.37890625,3,4,8.560628692291102,6.93359375,194273.88888888888,497.3501738065966,0.15819767932635706,0.9492825952648665,2604.293456404525,0.36023251758008906
845,11,23.95703125,29.90234375,4,2,0.1155896074770771,6.93359375,129602.66666666667,406.2202950787421,0.10759535277732521,0.5769991017895691,58780.65730282929,0.00047136754871115555
846,18,18.82421875,47.12890625,5,3,2.276397822474065,34.49609375,195430.0,498.8278294583761,0.14524823571549167,0.972103171607404,1912.9175558721654,0.6711594057435537
847,4,18.82421875,47.12890625,5,3,2.276397822474065,34.49609375,232.77777777777777,17.019370651501525,0.5775334714194776,0.8501037844493152,66.77350083347078,0.6553960496391427
848,18,5.70703125,47.12890625,5,3,2.276397822474065,34.49609375,195446.55555555556,498.848958381237,0.14468755239523037,0.9676712217685751,1942.2523004191762,0.6510725154010736
849,18,18.82421875,42.15234375,5,3,2.276397822474065,34.49609375,195448.77777777778,498.85179362371423,0.14464512134683802,0.9752519804317781,1861.9341423497947,0.7084799153572391
850,18,18.82421875,47.12890625,6,3,2.276397822474065,34.49609375,195438.55555555556,498.8387485015885,0.14492058000229574,0.9720079432680389,1914.0167061234627,0.6704170202279782
851,18,18.82421875,47.12890625,5,4,2.276397822474065,34.49609375,192960.88888888888,495.6666437376407,0.14475450895688688,0.9728998717295512,1912.1176595652205,0.6633176375424576
852,18,18.82421875,47.12890625,5,3,6.147397351748212,34.49609375,195595.11111111112,499.03850558840736,0.14495337084476867,0.9721997277946988,1900.0758130755141,0.6808310130423234
853,18,18.82421875,47.12890625,5,3,2.276397822474065,43.68359375,195471.88888888888,498.88128683348714,0.14515704064905077,0.9762507011345184,1837.7430409237231,0.7273342590963942
854,4,5.70703125,42.15234375,6,4,6.147397351748212,43.68359375,9399.666666666666,109.35974279338193,0.2722201993400549,0.9542515961530904,416.67733253730586,0.6802249015613464
856,17,55.32421875,22.62890625,2,6,0.1609656336949702,9.99609375,155647.22222222222,445.1673680080124,0.1461418999741783,0.7755552306326914,14364.649620473378,0.009584465533973222
862,5,55.32421875,22.62890625,2,6,0.1609656336949702,19.18359375,5045.444444444444,80.13585068976357,0.37222962929461506,0.9397361467571508,317.75041262633584,0.6293052547005424
863,17,42.20703125,17.65234375,3,7,0.4346866354069382,19.18359375,178629.77777777778,476.905043101598,0.13353335028125896,0.9823341338994308,1734.4488444559142,0.7462210122639481
864,5,35.93359375,9.61328125,4,4,0.287348093123375,36.79296875,105065.77777777778,365.7507426705209,0.11680881233877607,0.9906743927467585,1259.2718124503517,0.83263084157454
865,21,35.93359375,9.61328125,4,4,0.287348093123375,36.79296875,191217.55555555556,493.4224482886614,0.1114681804009505,0.9925165277931141,1676.8747864290954,0.8545575614975911
866,5,27.37890625,9.61328125,4,4,0.287348093123375,36.79296875,107296.0,369.61234272218144,0.09909303144290132,0.9911642574466958,1260.8445156650798,0.8481504801605297
867,5,35.93359375,38.32421875,4,4,0.287348093123375,36.79296875,16998.333333333332,147.10890598112363,0.184418724483318,0.9680819441066918,550.2355014335128,0.7055695692590882
868,5,35.93359375,9.61328125,2,4,0.287348093123375,36.79296875,112589.11111111111,378.61783954389676,0.10974068130830364,0.9911087382015338,1294.9689424480957,0.8437142317877923
869,5,35.93359375,9.61328125,4,4,0.287348093123375,36.79296875,110874.55555555556,375.7210802887649,0.1020033308087805,0.990801369586537,1292.9931929002603,0.8333912862200137
870,5,35.93359375,9.61328125,4,4,6.677976391571313,36.79296875,185549.44444444444,486.05436686012047,0.0501949700703601,0.9936285959477663,1645.9783298492025,0.8606514988755948
871,5,35.93359375,9.61328125,4,4,0.287348093123375,30.66796875,103216.11111111111,362.51371912083755,0.12180870217340518,0.9894151988020615,1259.0468806039473,0.8182543372213416
872,21,27.37890625,38.32421875,2,4,6.677976391571313,30.66796875,195998.77777777778,499.5531935133265,0.12592137959102034,0.9718870400969293,1869.7954934611525,0.7045596251790768
873,18,72.43359375,34.11328125,7,7,4.0637157041712415,12.29296875,190283.55555555556,492.2159498091682,0.1372334763472297,0.7920962405535491,30969.51860428101,0.0024942873899197558
874,8,72.43359375,34.11328125,7,7,4.0637157041712415,12.29296875,138654.22222222222,420.1665903023707,0.05403794971437423,0.5959456120192002,72289.41720031429,0.0003334266035470889
875,18,63.87890625,34.11328125,7,7,4.0637157041712415,12.29296875,190153.0,492.04705982424264,0.1412272452605582,0.7971494788081556,30451.747693425885,0.002577654323121722
876,18,72.43359375,13.82421875,7,7,4.0637157041712415,12.29296875,193960.88888888888,496.9493595520623,0.14594087991283106,0.9737092197855505,2148.1247458385706,0.5283883347444445
877,18,72.43359375,34.11328125,5,7,4.0637157041712415,12.29296875,190273.22222222222,492.20257437544774,0.14705328832534167,0.8050728527205195,26507.65652219634,0.003409606548918667
878,18,72.43359375,34.11328125,7,8,4.0637157041712415,12.29296875,188179.11111111112,489.48653813698013,0.13805233928187216,0.7856233742591754,30010.789460151704,0.0026298245128409336
879,18,72.43359375,34.11328125,7,7,0.4722042391083745,12.29296875,154134.11111111112,443.00059989087913,0.14323060430096038,0.7042236820146116,38977.82320856083,0.0012750900021887667
880,18,72.43359375,34.11328125,7,7,4.0637157041712415,6.16796875,188022.66666666666,489.2821909919034,0.12881459556552904,0.7387528124904794,45571.445157338516,0.0011429261991441
881,8,63.87890625,13.82421875,5,8,0.4722042391083745,6.16796875,8744.0,121.46765157698911,0.4296649711331512,0.7880649749419372,937.3102867188077,0.17168620194708542
882,24,17.68359375,21.86328125,2,6,15.282021846530125,49.04296875,196390.33333333334,500.05193575835904,0.015262837564066621,0.9738502079195092,1708.4324505453462,0.8461606014109242
883,14,17.68359375,21.86328125,2,6,15.282021846530125,49.04296875,195729.25,499.2095962831532,0.08758182627258203,0.9900155893525571,1652.9161786998566,0.9002662421360619
